Workbook

Sheet Себестойност
A1: Продукт | B1: Код | C1: Цена бр. | D1: М. ед. | E1: Отстъпка | F1: Цена нето | G1: К-во | H1: Крайна цена | I1: Фирма | J1: Обновена на | K1: ДДС 20% | L1: Крайна цена с ДДС | M1: Бележки | O1: Проверка (0,00) | Q1: Проверка:
A2: Електролизьор (500kW) | I2: =SUM(H3:H31) -> 75474.749 | M2: =SUM(L3:L31) -> 90335.963 | Q2: Sheet | R2: Цена | S2: К-во
A3: Черна ламарина 2010х1500х70 S355 (+ газово прерязване) | B3: =IFERROR(VLOOKUP($A3,[1]Други!$A:$H,2,FALSE),IFERROR(VLOOKUP($A3,[1]ИТТ!$A:$H,2,FALSE),IFERROR(VLOOKUP($A3,[1]Schrack!$A:$H,2,FALSE),IFERROR(VLOOKUP($A3,'[1]LD GmbH'!$A:$H,2,FALSE),IFERROR(VLOOKUP($A3,[1]Крисметал!$A:$H,2,FALSE),IFERROR(VLOOKUP($A3,[1]Унител!$A:$H,2,FALSE),"")))))) -> - | C3: =IFERROR(VLOOKUP($A3,[1]Други!$A:$H,3,FALSE),IFERROR(VLOOKUP($A3,[1]ИТТ!$A:$H,3,FALSE),IFERROR(VLOOKUP($A3,[1]Schrack!$A:$H,3,FALSE),IFERROR(VLOOKUP($A3,'[1]LD GmbH'!$A:$H,3,FALSE),IFERROR(VLOOKUP($A3,[1]Крисметал!$A:$H,3,FALSE),IFERROR(VLOOKUP($A3,[1]Унител!$A:$H,3,FALSE),"")))))) -> 1542.07 | D3: =IFERROR(VLOOKUP($A3,[1]Други!$A:$H,4,FALSE),IFERROR(VLOOKUP($A3,[1]ИТТ!$A:$H,4,FALSE),IFERROR(VLOOKUP($A3,[1]Schrack!$A:$H,4,FALSE),IFERROR(VLOOKUP($A3,'[1]LD GmbH'!$A:$H,4,FALSE),IFERROR(VLOOKUP($A3,[1]Крисметал!$A:$H,4,FALSE),IFERROR(VLOOKUP($A3,[1]Унител!$A:$H,4,FALSE),"")))))) -> бр. | E3: =IFERROR(VLOOKUP($A3,[1]Други!$A:$H,5,FALSE),IFERROR(VLOOKUP($A3,[1]ИТТ!$A:$H,5,FALSE),IFERROR(VLOOKUP($A3,[1]Schrack!$A:$H,5,FALSE),IFERROR(VLOOKUP($A3,'[1]LD GmbH'!$A:$H,5,FALSE),IFERROR(VLOOKUP($A3,[1]Крисметал!$A:$H,5,FALSE),IFERROR(VLOOKUP($A3,[1]Унител!$A:$H,5,FALSE),"")))))) -> 0 | F3: =IFERROR(VLOOKUP($A3,[1]Други!$A:$H,6,FALSE),IFERROR(VLOOKUP($A3,[1]ИТТ!$A:$H,6,FALSE),IFERROR(VLOOKUP($A3,[1]Schrack!$A:$H,6,FALSE),IFERROR(VLOOKUP($A3,'[1]LD GmbH'!$A:$H,6,FALSE),IFERROR(VLOOKUP($A3,[1]Крисметал!$A:$H,6,FALSE),IFERROR(VLOOKUP($A3,[1]Унител!$A:$H,6,FALSE),"")))))) -> 1542.07 | G3: =IFERROR(SUMIF(Модули!$A:$A,Себестойност!A3,Модули!$B:$B),"") -> 2 | H3: =IFERROR(F3*G3,"") -> 3084.14 | I3: =IFERROR(VLOOKUP($A3,[1]Други!$A:$H,8,FALSE),IFERROR(VLOOKUP($A3,[1]ИТТ!$A:$H,8,FALSE),IFERROR(VLOOKUP($A3,[1]Schrack!$A:$H,8,FALSE),IFERROR(VLOOKUP($A3,'[1]LD GmbH'!$A:$H,8,FALSE),IFERROR(VLOOKUP($A3,[1]Крисметал!$A:$H,8,FALSE),IFERROR(VLOOKUP($A3,[1]Унител!$A:$H,8,FALSE),"")))))) -> Ангел Стоилов - 96 АД | J3: =IFERROR(VLOOKUP($A3,[1]Други!$A:$I,9,FALSE),IFERROR(VLOOKUP($A3,[1]ИТТ!$A:$I,9,FALSE),IFERROR(VLOOKUP($A3,[1]Schrack!$A:$I,9,FALSE),IFERROR(VLOOKUP($A3,'[1]LD GmbH'!$A:$I,9,FALSE),IFERROR(VLOOKUP($A3,[1]Крисметал!$A:$I,9,FALSE),IFERROR(VLOOKUP($A3,[1]Унител!$A:$I,9,FALSE),"")))))) -> 45870 | K3: =IFERROR(VLOOKUP($A3,[1]Други!$A:$H,7,FALSE),IFERROR(VLOOKUP($A3,[1]ИТТ!$A:$H,7,FALSE),IFERROR(VLOOKUP($A3,[1]Schrack!$A:$H,7,FALSE),IFERROR(VLOOKUP($A3,'[1]LD GmbH'!$A:$H,7,FALSE),IFERROR(VLOOKUP($A3,[1]Крисметал!$A:$H,7,FALSE),IFERROR(VLOOKUP($A3,[1]Унител!$A:$H,7,FALSE),"")))))) -> 1850.484 | L3: =G3*K3 -> 3700.968 | O3: =SUMIF(Модули!$A:$A,Себестойност!A3,Модули!$B:$B)-G3 -> 0 | Q3: Модули: | R3: =SUM(Модули!F:F) -> 223986.94 | S3: =SUM(Модули!B:B) -> 4297.74
A4: Лист неръждаема стомана 316L 2500х1250х5 | B4: =IFERROR(VLOOKUP($A4,[1]Други!$A:$H,2,FALSE),IFERROR(VLOOKUP($A4,[1]ИТТ!$A:$H,2,FALSE),IFERROR(VLOOKUP($A4,[1]Schrack!$A:$H,2,FALSE),IFERROR(VLOOKUP($A4,'[1]LD GmbH'!$A:$H,2,FALSE),IFERROR(VLOOKUP($A4,[1]Крисметал!$A:$H,2,FALSE),IFERROR(VLOOKUP($A4,[1]Унител!$A:$H,2,FALSE),"")))))) -> 193101 | C4: =IFERROR(VLOOKUP($A4,[1]Други!$A:$H,3,FALSE),IFERROR(VLOOKUP($A4,[1]ИТТ!$A:$H,3,FALSE),IFERROR(VLOOKUP($A4,[1]Schrack!$A:$H,3,FALSE),IFERROR(VLOOKUP($A4,'[1]LD GmbH'!$A:$H,3,FALSE),IFERROR(VLOOKUP($A4,[1]Крисметал!$A:$H,3,FALSE),IFERROR(VLOOKUP($A4,[1]Унител!$A:$H,3,FALSE),"")))))) -> 478.7 | D4: =IFERROR(VLOOKUP($A4,[1]Други!$A:$H,4,FALSE),IFERROR(VLOOKUP($A4,[1]ИТТ!$A:$H,4,FALSE),IFERROR(VLOOKUP($A4,[1]Schrack!$A:$H,4,FALSE),IFERROR(VLOOKUP($A4,'[1]LD GmbH'!$A:$H,4,FALSE),IFERROR(VLOOKUP($A4,[1]Крисметал!$A:$H,4,FALSE),IFERROR(VLOOKUP($A4,[1]Унител!$A:$H,4,FALSE),"")))))) -> бр. | E4: =IFERROR(VLOOKUP($A4,[1]Други!$A:$H,5,FALSE),IFERROR(VLOOKUP($A4,[1]ИТТ!$A:$H,5,FALSE),IFERROR(VLOOKUP($A4,[1]Schrack!$A:$H,5,FALSE),IFERROR(VLOOKUP($A4,'[1]LD GmbH'!$A:$H,5,FALSE),IFERROR(VLOOKUP($A4,[1]Крисметал!$A:$H,5,FALSE),IFERROR(VLOOKUP($A4,[1]Унител!$A:$H,5,FALSE),"")))))) -> 0 | F4: =IFERROR(VLOOKUP($A4,[1]Други!$A:$H,6,FALSE),IFERROR(VLOOKUP($A4,[1]ИТТ!$A:$H,6,FALSE),IFERROR(VLOOKUP($A4,[1]Schrack!$A:$H,6,FALSE),IFERROR(VLOOKUP($A4,'[1]LD GmbH'!$A:$H,6,FALSE),IFERROR(VLOOKUP($A4,[1]Крисметал!$A:$H,6,FALSE),IFERROR(VLOOKUP($A4,[1]Унител!$A:$H,6,FALSE),"")))))) -> 478.7 | G4: =IFERROR(SUMIF(Модули!$A:$A,Себестойност!A4,Модули!$B:$B),"") -> 2 | H4: =IFERROR(F4*G4,"") -> 957.4 | I4: =IFERROR(VLOOKUP($A4,[1]Други!$A:$H,8,FALSE),IFERROR(VLOOKUP($A4,[1]ИТТ!$A:$H,8,FALSE),IFERROR(VLOOKUP($A4,[1]Schrack!$A:$H,8,FALSE),IFERROR(VLOOKUP($A4,'[1]LD GmbH'!$A:$H,8,FALSE),IFERROR(VLOOKUP($A4,[1]Крисметал!$A:$H,8,FALSE),IFERROR(VLOOKUP($A4,[1]Унител!$A:$H,8,FALSE),"")))))) -> Филипекс | J4: =IFERROR(VLOOKUP($A4,[1]Други!$A:$I,9,FALSE),IFERROR(VLOOKUP($A4,[1]ИТТ!$A:$I,9,FALSE),IFERROR(VLOOKUP($A4,[1]Schrack!$A:$I,9,FALSE),IFERROR(VLOOKUP($A4,'[1]LD GmbH'!$A:$I,9,FALSE),IFERROR(VLOOKUP($A4,[1]Крисметал!$A:$I,9,FALSE),IFERROR(VLOOKUP($A4,[1]Унител!$A:$I,9,FALSE),"")))))) -> 45875 | K4: =IFERROR(VLOOKUP($A4,[1]Други!$A:$H,7,FALSE),IFERROR(VLOOKUP($A4,[1]ИТТ!$A:$H,7,FALSE),IFERROR(VLOOKUP($A4,[1]Schrack!$A:$H,7,FALSE),IFERROR(VLOOKUP($A4,'[1]LD GmbH'!$A:$H,7,FALSE),IFERROR(VLOOKUP($A4,[1]Крисметал!$A:$H,7,FALSE),IFERROR(VLOOKUP($A4,[1]Унител!$A:$H,7,FALSE),"")))))) -> 574.44 | L4: =G4*K4 -> 1148.88 | O4: =SUMIF(Модули!$A:$A,Себестойност!A4,Модули!$B:$B)-G4 -> 0 | Q4: Себестойност: | R4: =H346 -> 223986.94 | S4: =SUM(G:G) -> 4297.74
A5: Лист неръждаема стомана 316L 2500х1250х2 | B5: =IFERROR(VLOOKUP($A5,[1]Други!$A:$H,2,FALSE),IFERROR(VLOOKUP($A5,[1]ИТТ!$A:$H,2,FALSE),IFERROR(VLOOKUP($A5,[1]Schrack!$A:$H,2,FALSE),IFERROR(VLOOKUP($A5,'[1]LD GmbH'!$A:$H,2,FALSE),IFERROR(VLOOKUP($A5,[1]Крисметал!$A:$H,2,FALSE),IFERROR(VLOOKUP($A5,[1]Унител!$A:$H,2,FALSE),"")))))) -> 193311 | C5: =IFERROR(VLOOKUP($A5,[1]Други!$A:$H,3,FALSE),IFERROR(VLOOKUP($A5,[1]ИТТ!$A:$H,3,FALSE),IFERROR(VLOOKUP($A5,[1]Schrack!$A:$H,3,FALSE),IFERROR(VLOOKUP($A5,'[1]LD GmbH'!$A:$H,3,FALSE),IFERROR(VLOOKUP($A5,[1]Крисметал!$A:$H,3,FALSE),IFERROR(VLOOKUP($A5,[1]Унител!$A:$H,3,FALSE),"")))))) -> 191.48 | D5: =IFERROR(VLOOKUP($A5,[1]Други!$A:$H,4,FALSE),IFERROR(VLOOKUP($A5,[1]ИТТ!$A:$H,4,FALSE),IFERROR(VLOOKUP($A5,[1]Schrack!$A:$H,4,FALSE),IFERROR(VLOOKUP($A5,'[1]LD GmbH'!$A:$H,4,FALSE),IFERROR(VLOOKUP($A5,[1]Крисметал!$A:$H,4,FALSE),IFERROR(VLOOKUP($A5,[1]Унител!$A:$H,4,FALSE),"")))))) -> бр. | E5: =IFERROR(VLOOKUP($A5,[1]Други!$A:$H,5,FALSE),IFERROR(VLOOKUP($A5,[1]ИТТ!$A:$H,5,FALSE),IFERROR(VLOOKUP($A5,[1]Schrack!$A:$H,5,FALSE),IFERROR(VLOOKUP($A5,'[1]LD GmbH'!$A:$H,5,FALSE),IFERROR(VLOOKUP($A5,[1]Крисметал!$A:$H,5,FALSE),IFERROR(VLOOKUP($A5,[1]Унител!$A:$H,5,FALSE),"")))))) -> 0 | F5: =IFERROR(VLOOKUP($A5,[1]Други!$A:$H,6,FALSE),IFERROR(VLOOKUP($A5,[1]ИТТ!$A:$H,6,FALSE),IFERROR(VLOOKUP($A5,[1]Schrack!$A:$H,6,FALSE),IFERROR(VLOOKUP($A5,'[1]LD GmbH'!$A:$H,6,FALSE),IFERROR(VLOOKUP($A5,[1]Крисметал!$A:$H,6,FALSE),IFERROR(VLOOKUP($A5,[1]Унител!$A:$H,6,FALSE),"")))))) -> 191.48 | G5: =IFERROR(SUMIF(Модули!$A:$A,Себестойност!A5,Модули!$B:$B),"") -> 46 | H5: =IFERROR(F5*G5,"") -> 8808.08 | I5: =IFERROR(VLOOKUP($A5,[1]Други!$A:$H,8,FALSE),IFERROR(VLOOKUP($A5,[1]ИТТ!$A:$H,8,FALSE),IFERROR(VLOOKUP($A5,[1]Schrack!$A:$H,8,FALSE),IFERROR(VLOOKUP($A5,'[1]LD GmbH'!$A:$H,8,FALSE),IFERROR(VLOOKUP($A5,[1]Крисметал!$A:$H,8,FALSE),IFERROR(VLOOKUP($A5,[1]Унител!$A:$H,8,FALSE),"")))))) -> Филипекс | J5: =IFERROR(VLOOKUP($A5,[1]Други!$A:$I,9,FALSE),IFERROR(VLOOKUP($A5,[1]ИТТ!$A:$I,9,FALSE),IFERROR(VLOOKUP($A5,[1]Schrack!$A:$I,9,FALSE),IFERROR(VLOOKUP($A5,'[1]LD GmbH'!$A:$I,9,FALSE),IFERROR(VLOOKUP($A5,[1]Крисметал!$A:$I,9,FALSE),IFERROR(VLOOKUP($A5,[1]Унител!$A:$I,9,FALSE),"")))))) -> 45875 | K5: =IFERROR(VLOOKUP($A5,[1]Други!$A:$H,7,FALSE),IFERROR(VLOOKUP($A5,[1]ИТТ!$A:$H,7,FALSE),IFERROR(VLOOKUP($A5,[1]Schrack!$A:$H,7,FALSE),IFERROR(VLOOKUP($A5,'[1]LD GmbH'!$A:$H,7,FALSE),IFERROR(VLOOKUP($A5,[1]Крисметал!$A:$H,7,FALSE),IFERROR(VLOOKUP($A5,[1]Унител!$A:$H,7,FALSE),"")))))) -> 229.776 | L5: =G5*K5 -> 10569.696 | O5: =SUMIF(Модули!$A:$A,Себестойност!A5,Модули!$B:$B)-G5 -> 0
A6: Sealing Gasket Modified PTFE 1060х900х5 (+транспорт) (+мито 6,5%) | B6: =IFERROR(VLOOKUP($A6,[1]Други!$A:$H,2,FALSE),IFERROR(VLOOKUP($A6,[1]ИТТ!$A:$H,2,FALSE),IFERROR(VLOOKUP($A6,[1]Schrack!$A:$H,2,FALSE),IFERROR(VLOOKUP($A6,'[1]LD GmbH'!$A:$H,2,FALSE),IFERROR(VLOOKUP($A6,[1]Крисметал!$A:$H,2,FALSE),IFERROR(VLOOKUP($A6,[1]Унител!$A:$H,2,FALSE),"")))))) -> - | C6: =IFERROR(VLOOKUP($A6,[1]Други!$A:$H,3,FALSE),IFERROR(VLOOKUP($A6,[1]ИТТ!$A:$H,3,FALSE),IFERROR(VLOOKUP($A6,[1]Schrack!$A:$H,3,FALSE),IFERROR(VLOOKUP($A6,'[1]LD GmbH'!$A:$H,3,FALSE),IFERROR(VLOOKUP($A6,[1]Крисметал!$A:$H,3,FALSE),IFERROR(VLOOKUP($A6,[1]Унител!$A:$H,3,FALSE),"")))))) -> 86.06265 | D6: =IFERROR(VLOOKUP($A6,[1]Други!$A:$H,4,FALSE),IFERROR(VLOOKUP($A6,[1]ИТТ!$A:$H,4,FALSE),IFERROR(VLOOKUP($A6,[1]Schrack!$A:$H,4,FALSE),IFERROR(VLOOKUP($A6,'[1]LD GmbH'!$A:$H,4,FALSE),IFERROR(VLOOKUP($A6,[1]Крисметал!$A:$H,4,FALSE),IFERROR(VLOOKUP($A6,[1]Унител!$A:$H,4,FALSE),"")))))) -> бр. | E6: =IFERROR(VLOOKUP($A6,[1]Други!$A:$H,5,FALSE),IFERROR(VLOOKUP($A6,[1]ИТТ!$A:$H,5,FALSE),IFERROR(VLOOKUP($A6,[1]Schrack!$A:$H,5,FALSE),IFERROR(VLOOKUP($A6,'[1]LD GmbH'!$A:$H,5,FALSE),IFERROR(VLOOKUP($A6,[1]Крисметал!$A:$H,5,FALSE),IFERROR(VLOOKUP($A6,[1]Унител!$A:$H,5,FALSE),"")))))) -> 0 | F6: =IFERROR(VLOOKUP($A6,[1]Други!$A:$H,6,FALSE),IFERROR(VLOOKUP($A6,[1]ИТТ!$A:$H,6,FALSE),IFERROR(VLOOKUP($A6,[1]Schrack!$A:$H,6,FALSE),IFERROR(VLOOKUP($A6,'[1]LD GmbH'!$A:$H,6,FALSE),IFERROR(VLOOKUP($A6,[1]Крисметал!$A:$H,6,FALSE),IFERROR(VLOOKUP($A6,[1]Унител!$A:$H,6,FALSE),"")))))) -> 86.06265 | G6: =IFERROR(SUMIF(Модули!$A:$A,Себестойност!A6,Модули!$B:$B),"") -> 188 | H6: =IFERROR(F6*G6,"") -> 16179.778 | I6: =IFERROR(VLOOKUP($A6,[1]Други!$A:$H,8,FALSE),IFERROR(VLOOKUP($A6,[1]ИТТ!$A:$H,8,FALSE),IFERROR(VLOOKUP($A6,[1]Schrack!$A:$H,8,FALSE),IFERROR(VLOOKUP($A6,'[1]LD GmbH'!$A:$H,8,FALSE),IFERROR(VLOOKUP($A6,[1]Крисметал!$A:$H,8,FALSE),IFERROR(VLOOKUP($A6,[1]Унител!$A:$H,8,FALSE),"")))))) -> Suzhou VMA | J6: =IFERROR(VLOOKUP($A6,[1]Други!$A:$I,9,FALSE),IFERROR(VLOOKUP($A6,[1]ИТТ!$A:$I,9,FALSE),IFERROR(VLOOKUP($A6,[1]Schrack!$A:$I,9,FALSE),IFERROR(VLOOKUP($A6,'[1]LD GmbH'!$A:$I,9,FALSE),IFERROR(VLOOKUP($A6,[1]Крисметал!$A:$I,9,FALSE),IFERROR(VLOOKUP($A6,[1]Унител!$A:$I,9,FALSE),"")))))) -> 45473 | K6: =IFERROR(VLOOKUP($A6,[1]Други!$A:$H,7,FALSE),IFERROR(VLOOKUP($A6,[1]ИТТ!$A:$H,7,FALSE),IFERROR(VLOOKUP($A6,[1]Schrack!$A:$H,7,FALSE),IFERROR(VLOOKUP($A6,'[1]LD GmbH'!$A:$H,7,FALSE),IFERROR(VLOOKUP($A6,[1]Крисметал!$A:$H,7,FALSE),IFERROR(VLOOKUP($A6,[1]Унител!$A:$H,7,FALSE),"")))))) -> 103.27518 | L6: =G6*K6 -> 19415.734 | O6: =SUMIF(Модули!$A:$A,Себестойност!A6,Модули!$B:$B)-G6 -> 0
A7: Уплътнение от експандиран тефлон ф1060хф900х0,5 | B7: =IFERROR(VLOOKUP($A7,[1]Други!$A:$H,2,FALSE),IFERROR(VLOOKUP($A7,[1]ИТТ!$A:$H,2,FALSE),IFERROR(VLOOKUP($A7,[1]Schrack!$A:$H,2,FALSE),IFERROR(VLOOKUP($A7,'[1]LD GmbH'!$A:$H,2,FALSE),IFERROR(VLOOKUP($A7,[1]Крисметал!$A:$H,2,FALSE),IFERROR(VLOOKUP($A7,[1]Унител!$A:$H,2,FALSE),"")))))) -> - | C7: =IFERROR(VLOOKUP($A7,[1]Други!$A:$H,3,FALSE),IFERROR(VLOOKUP($A7,[1]ИТТ!$A:$H,3,FALSE),IFERROR(VLOOKUP($A7,[1]Schrack!$A:$H,3,FALSE),IFERROR(VLOOKUP($A7,'[1]LD GmbH'!$A:$H,3,FALSE),IFERROR(VLOOKUP($A7,[1]Крисметал!$A:$H,3,FALSE),IFERROR(VLOOKUP($A7,[1]Унител!$A:$H,3,FALSE),"")))))) -> 94.588998 | D7: =IFERROR(VLOOKUP($A7,[1]Други!$A:$H,4,FALSE),IFERROR(VLOOKUP($A7,[1]ИТТ!$A:$H,4,FALSE),IFERROR(VLOOKUP($A7,[1]Schrack!$A:$H,4,FALSE),IFERROR(VLOOKUP($A7,'[1]LD GmbH'!$A:$H,4,FALSE),IFERROR(VLOOKUP($A7,[1]Крисметал!$A:$H,4,FALSE),IFERROR(VLOOKUP($A7,[1]Унител!$A:$H,4,FALSE),"")))))) -> бр. | E7: =IFERROR(VLOOKUP($A7,[1]Други!$A:$H,5,FALSE),IFERROR(VLOOKUP($A7,[1]ИТТ!$A:$H,5,FALSE),IFERROR(VLOOKUP($A7,[1]Schrack!$A:$H,5,FALSE),IFERROR(VLOOKUP($A7,'[1]LD GmbH'!$A:$H,5,FALSE),IFERROR(VLOOKUP($A7,[1]Крисметал!$A:$H,5,FALSE),IFERROR(VLOOKUP($A7,[1]Унител!$A:$H,5,FALSE),"")))))) -> 0.39 | F7: =IFERROR(VLOOKUP($A7,[1]Други!$A:$H,6,FALSE),IFERROR(VLOOKUP($A7,[1]ИТТ!$A:$H,6,FALSE),IFERROR(VLOOKUP($A7,[1]Schrack!$A:$H,6,FALSE),IFERROR(VLOOKUP($A7,'[1]LD GmbH'!$A:$H,6,FALSE),IFERROR(VLOOKUP($A7,[1]Крисметал!$A:$H,6,FALSE),IFERROR(VLOOKUP($A7,[1]Унител!$A:$H,6,FALSE),"")))))) -> 57.699289 | G7: =IFERROR(SUMIF(Модули!$A:$A,Себестойност!A7,Модули!$B:$B),"") -> 282 | H7: =IFERROR(F7*G7,"") -> 16271.199 | I7: =IFERROR(VLOOKUP($A7,[1]Други!$A:$H,8,FALSE),IFERROR(VLOOKUP($A7,[1]ИТТ!$A:$H,8,FALSE),IFERROR(VLOOKUP($A7,[1]Schrack!$A:$H,8,FALSE),IFERROR(VLOOKUP($A7,'[1]LD GmbH'!$A:$H,8,FALSE),IFERROR(VLOOKUP($A7,[1]Крисметал!$A:$H,8,FALSE),IFERROR(VLOOKUP($A7,[1]Унител!$A:$H,8,FALSE),"")))))) -> ДЕАТРЕЙД | J7: =IFERROR(VLOOKUP($A7,[1]Други!$A:$I,9,FALSE),IFERROR(VLOOKUP($A7,[1]ИТТ!$A:$I,9,FALSE),IFERROR(VLOOKUP($A7,[1]Schrack!$A:$I,9,FALSE),IFERROR(VLOOKUP($A7,'[1]LD GmbH'!$A:$I,9,FALSE),IFERROR(VLOOKUP($A7,[1]Крисметал!$A:$I,9,FALSE),IFERROR(VLOOKUP($A7,[1]Унител!$A:$I,9,FALSE),"")))))) -> 45884 | K7: =IFERROR(VLOOKUP($A7,[1]Други!$A:$H,7,FALSE),IFERROR(VLOOKUP($A7,[1]ИТТ!$A:$H,7,FALSE),IFERROR(VLOOKUP($A7,[1]Schrack!$A:$H,7,FALSE),IFERROR(VLOOKUP($A7,'[1]LD GmbH'!$A:$H,7,FALSE),IFERROR(VLOOKUP($A7,[1]Крисметал!$A:$H,7,FALSE),IFERROR(VLOOKUP($A7,[1]Унител!$A:$H,7,FALSE),"")))))) -> 69.239147 | L7: =G7*K7 -> 19525.439 | O7: =SUMIF(Модули!$A:$A,Себестойност!A7,Модули!$B:$B)-G7 -> 0
A8: Гумен лист 5/1200мм EPDM/ | B8: =IFERROR(VLOOKUP($A8,[1]Други!$A:$H,2,FALSE),IFERROR(VLOOKUP($A8,[1]ИТТ!$A:$H,2,FALSE),IFERROR(VLOOKUP($A8,[1]Schrack!$A:$H,2,FALSE),IFERROR(VLOOKUP($A8,'[1]LD GmbH'!$A:$H,2,FALSE),IFERROR(VLOOKUP($A8,[1]Крисметал!$A:$H,2,FALSE),IFERROR(VLOOKUP($A8,[1]Унител!$A:$H,2,FALSE),"")))))) -> - | C8: =IFERROR(VLOOKUP($A8,[1]Други!$A:$H,3,FALSE),IFERROR(VLOOKUP($A8,[1]ИТТ!$A:$H,3,FALSE),IFERROR(VLOOKUP($A8,[1]Schrack!$A:$H,3,FALSE),IFERROR(VLOOKUP($A8,'[1]LD GmbH'!$A:$H,3,FALSE),IFERROR(VLOOKUP($A8,[1]Крисметал!$A:$H,3,FALSE),IFERROR(VLOOKUP($A8,[1]Унител!$A:$H,3,FALSE),"")))))) -> 43.45981 | D8: =IFERROR(VLOOKUP($A8,[1]Други!$A:$H,4,FALSE),IFERROR(VLOOKUP($A8,[1]ИТТ!$A:$H,4,FALSE),IFERROR(VLOOKUP($A8,[1]Schrack!$A:$H,4,FALSE),IFERROR(VLOOKUP($A8,'[1]LD GmbH'!$A:$H,4,FALSE),IFERROR(VLOOKUP($A8,[1]Крисметал!$A:$H,4,FALSE),IFERROR(VLOOKUP($A8,[1]Унител!$A:$H,4,FALSE),"")))))) -> кв.м. | E8: =IFERROR(VLOOKUP($A8,[1]Други!$A:$H,5,FALSE),IFERROR(VLOOKUP($A8,[1]ИТТ!$A:$H,5,FALSE),IFERROR(VLOOKUP($A8,[1]Schrack!$A:$H,5,FALSE),IFERROR(VLOOKUP($A8,'[1]LD GmbH'!$A:$H,5,FALSE),IFERROR(VLOOKUP($A8,[1]Крисметал!$A:$H,5,FALSE),IFERROR(VLOOKUP($A8,[1]Унител!$A:$H,5,FALSE),"")))))) -> 0 | F8: =IFERROR(VLOOKUP($A8,[1]Други!$A:$H,6,FALSE),IFERROR(VLOOKUP($A8,[1]ИТТ!$A:$H,6,FALSE),IFERROR(VLOOKUP($A8,[1]Schrack!$A:$H,6,FALSE),IFERROR(VLOOKUP($A8,'[1]LD GmbH'!$A:$H,6,FALSE),IFERROR(VLOOKUP($A8,[1]Крисметал!$A:$H,6,FALSE),IFERROR(VLOOKUP($A8,[1]Унител!$A:$H,6,FALSE),"")))))) -> 43.45981 | G8: =IFERROR(SUMIF(Модули!$A:$A,Себестойност!A8,Модули!$B:$B),"") -> 4.8 | H8: =IFERROR(F8*G8,"") -> 208.60709 | I8: =IFERROR(VLOOKUP($A8,[1]Други!$A:$H,8,FALSE),IFERROR(VLOOKUP($A8,[1]ИТТ!$A:$H,8,FALSE),IFERROR(VLOOKUP($A8,[1]Schrack!$A:$H,8,FALSE),IFERROR(VLOOKUP($A8,'[1]LD GmbH'!$A:$H,8,FALSE),IFERROR(VLOOKUP($A8,[1]Крисметал!$A:$H,8,FALSE),IFERROR(VLOOKUP($A8,[1]Унител!$A:$H,8,FALSE),"")))))) -> Микромакс трейд | J8: =IFERROR(VLOOKUP($A8,[1]Други!$A:$I,9,FALSE),IFERROR(VLOOKUP($A8,[1]ИТТ!$A:$I,9,FALSE),IFERROR(VLOOKUP($A8,[1]Schrack!$A:$I,9,FALSE),IFERROR(VLOOKUP($A8,'[1]LD GmbH'!$A:$I,9,FALSE),IFERROR(VLOOKUP($A8,[1]Крисметал!$A:$I,9,FALSE),IFERROR(VLOOKUP($A8,[1]Унител!$A:$I,9,FALSE),"")))))) -> 45628 | K8: =IFERROR(VLOOKUP($A8,[1]Други!$A:$H,7,FALSE),IFERROR(VLOOKUP($A8,[1]ИТТ!$A:$H,7,FALSE),IFERROR(VLOOKUP($A8,[1]Schrack!$A:$H,7,FALSE),IFERROR(VLOOKUP($A8,'[1]LD GmbH'!$A:$H,7,FALSE),IFERROR(VLOOKUP($A8,[1]Крисметал!$A:$H,7,FALSE),IFERROR(VLOOKUP($A8,[1]Унител!$A:$H,7,FALSE),"")))))) -> 52.151772 | L8: =G8*K8 -> 250.32851 | O8: =SUMIF(Модули!$A:$A,Себестойност!A8,Модули!$B:$B)-G8 -> 0
A9: Тефлонов лист 1000х1000х1 | B9: =IFERROR(VLOOKUP($A9,[1]Други!$A:$H,2,FALSE),IFERROR(VLOOKUP($A9,[1]ИТТ!$A:$H,2,FALSE),IFERROR(VLOOKUP($A9,[1]Schrack!$A:$H,2,FALSE),IFERROR(VLOOKUP($A9,'[1]LD GmbH'!$A:$H,2,FALSE),IFERROR(VLOOKUP($A9,[1]Крисметал!$A:$H,2,FALSE),IFERROR(VLOOKUP($A9,[1]Унител!$A:$H,2,FALSE),"")))))) -> SKU0000000427 | C9: =IFERROR(VLOOKUP($A9,[1]Други!$A:$H,3,FALSE),IFERROR(VLOOKUP($A9,[1]ИТТ!$A:$H,3,FALSE),IFERROR(VLOOKUP($A9,[1]Schrack!$A:$H,3,FALSE),IFERROR(VLOOKUP($A9,'[1]LD GmbH'!$A:$H,3,FALSE),IFERROR(VLOOKUP($A9,[1]Крисметал!$A:$H,3,FALSE),IFERROR(VLOOKUP($A9,[1]Унител!$A:$H,3,FALSE),"")))))) -> 57.56124 | D9: =IFERROR(VLOOKUP($A9,[1]Други!$A:$H,4,FALSE),IFERROR(VLOOKUP($A9,[1]ИТТ!$A:$H,4,FALSE),IFERROR(VLOOKUP($A9,[1]Schrack!$A:$H,4,FALSE),IFERROR(VLOOKUP($A9,'[1]LD GmbH'!$A:$H,4,FALSE),IFERROR(VLOOKUP($A9,[1]Крисметал!$A:$H,4,FALSE),IFERROR(VLOOKUP($A9,[1]Унител!$A:$H,4,FALSE),"")))))) -> бр. | E9: =IFERROR(VLOOKUP($A9,[1]Други!$A:$H,5,FALSE),IFERROR(VLOOKUP($A9,[1]ИТТ!$A:$H,5,FALSE),IFERROR(VLOOKUP($A9,[1]Schrack!$A:$H,5,FALSE),IFERROR(VLOOKUP($A9,'[1]LD GmbH'!$A:$H,5,FALSE),IFERROR(VLOOKUP($A9,[1]Крисметал!$A:$H,5,FALSE),IFERROR(VLOOKUP($A9,[1]Унител!$A:$H,5,FALSE),"")))))) -> 0 | F9: =IFERROR(VLOOKUP($A9,[1]Други!$A:$H,6,FALSE),IFERROR(VLOOKUP($A9,[1]ИТТ!$A:$H,6,FALSE),IFERROR(VLOOKUP($A9,[1]Schrack!$A:$H,6,FALSE),IFERROR(VLOOKUP($A9,'[1]LD GmbH'!$A:$H,6,FALSE),IFERROR(VLOOKUP($A9,[1]Крисметал!$A:$H,6,FALSE),IFERROR(VLOOKUP($A9,[1]Унител!$A:$H,6,FALSE),"")))))) -> 57.56124 | G9: =IFERROR(SUMIF(Модули!$A:$A,Себестойност!A9,Модули!$B:$B),"") -> 1 | H9: =IFERROR(F9*G9,"") -> 57.56124 | I9: =IFERROR(VLOOKUP($A9,[1]Други!$A:$H,8,FALSE),IFERROR(VLOOKUP($A9,[1]ИТТ!$A:$H,8,FALSE),IFERROR(VLOOKUP($A9,[1]Schrack!$A:$H,8,FALSE),IFERROR(VLOOKUP($A9,'[1]LD GmbH'!$A:$H,8,FALSE),IFERROR(VLOOKUP($A9,[1]Крисметал!$A:$H,8,FALSE),IFERROR(VLOOKUP($A9,[1]Унител!$A:$H,8,FALSE),"")))))) -> ДЕАТРЕЙД | J9: =IFERROR(VLOOKUP($A9,[1]Други!$A:$I,9,FALSE),IFERROR(VLOOKUP($A9,[1]ИТТ!$A:$I,9,FALSE),IFERROR(VLOOKUP($A9,[1]Schrack!$A:$I,9,FALSE),IFERROR(VLOOKUP($A9,'[1]LD GmbH'!$A:$I,9,FALSE),IFERROR(VLOOKUP($A9,[1]Крисметал!$A:$I,9,FALSE),IFERROR(VLOOKUP($A9,[1]Унител!$A:$I,9,FALSE),"")))))) -> 45707 | K9: =IFERROR(VLOOKUP($A9,[1]Други!$A:$H,7,FALSE),IFERROR(VLOOKUP($A9,[1]ИТТ!$A:$H,7,FALSE),IFERROR(VLOOKUP($A9,[1]Schrack!$A:$H,7,FALSE),IFERROR(VLOOKUP($A9,'[1]LD GmbH'!$A:$H,7,FALSE),IFERROR(VLOOKUP($A9,[1]Крисметал!$A:$H,7,FALSE),IFERROR(VLOOKUP($A9,[1]Унител!$A:$H,7,FALSE),"")))))) -> 69.073488 | L9: =G9*K9 -> 69.073488 | O9: =SUMIF(Модули!$A:$A,Себестойност!A9,Модули!$B:$B)-G9 -> 0
A10: Мембрани (Composite Membrane, 1*1m) (+транспорт) (+мито 6,5%) | B10: =IFERROR(VLOOKUP($A10,[1]Други!$A:$H,2,FALSE),IFERROR(VLOOKUP($A10,[1]ИТТ!$A:$H,2,FALSE),IFERROR(VLOOKUP($A10,[1]Schrack!$A:$H,2,FALSE),IFERROR(VLOOKUP($A10,'[1]LD GmbH'!$A:$H,2,FALSE),IFERROR(VLOOKUP($A10,[1]Крисметал!$A:$H,2,FALSE),IFERROR(VLOOKUP($A10,[1]Унител!$A:$H,2,FALSE),"")))))) -> - | C10: =IFERROR(VLOOKUP($A10,[1]Други!$A:$H,3,FALSE),IFERROR(VLOOKUP($A10,[1]ИТТ!$A:$H,3,FALSE),IFERROR(VLOOKUP($A10,[1]Schrack!$A:$H,3,FALSE),IFERROR(VLOOKUP($A10,'[1]LD GmbH'!$A:$H,3,FALSE),IFERROR(VLOOKUP($A10,[1]Крисметал!$A:$H,3,FALSE),IFERROR(VLOOKUP($A10,[1]Унител!$A:$H,3,FALSE),"")))))) -> 116.79855 | D10: =IFERROR(VLOOKUP($A10,[1]Други!$A:$H,4,FALSE),IFERROR(VLOOKUP($A10,[1]ИТТ!$A:$H,4,FALSE),IFERROR(VLOOKUP($A10,[1]Schrack!$A:$H,4,FALSE),IFERROR(VLOOKUP($A10,'[1]LD GmbH'!$A:$H,4,FALSE),IFERROR(VLOOKUP($A10,[1]Крисметал!$A:$H,4,FALSE),IFERROR(VLOOKUP($A10,[1]Унител!$A:$H,4,FALSE),"")))))) -> бр. | E10: =IFERROR(VLOOKUP($A10,[1]Други!$A:$H,5,FALSE),IFERROR(VLOOKUP($A10,[1]ИТТ!$A:$H,5,FALSE),IFERROR(VLOOKUP($A10,[1]Schrack!$A:$H,5,FALSE),IFERROR(VLOOKUP($A10,'[1]LD GmbH'!$A:$H,5,FALSE),IFERROR(VLOOKUP($A10,[1]Крисметал!$A:$H,5,FALSE),IFERROR(VLOOKUP($A10,[1]Унител!$A:$H,5,FALSE),"")))))) -> 0 | F10: =IFERROR(VLOOKUP($A10,[1]Други!$A:$H,6,FALSE),IFERROR(VLOOKUP($A10,[1]ИТТ!$A:$H,6,FALSE),IFERROR(VLOOKUP($A10,[1]Schrack!$A:$H,6,FALSE),IFERROR(VLOOKUP($A10,'[1]LD GmbH'!$A:$H,6,FALSE),IFERROR(VLOOKUP($A10,[1]Крисметал!$A:$H,6,FALSE),IFERROR(VLOOKUP($A10,[1]Унител!$A:$H,6,FALSE),"")))))) -> 116.79855 | G10: =IFERROR(SUMIF(Модули!$A:$A,Себестойност!A10,Модули!$B:$B),"") -> 90 | H10: =IFERROR(F10*G10,"") -> 10511.869 | I10: =IFERROR(VLOOKUP($A10,[1]Други!$A:$H,8,FALSE),IFERROR(VLOOKUP($A10,[1]ИТТ!$A:$H,8,FALSE),IFERROR(VLOOKUP($A10,[1]Schrack!$A:$H,8,FALSE),IFERROR(VLOOKUP($A10,'[1]LD GmbH'!$A:$H,8,FALSE),IFERROR(VLOOKUP($A10,[1]Крисметал!$A:$H,8,FALSE),IFERROR(VLOOKUP($A10,[1]Унител!$A:$H,8,FALSE),"")))))) -> Suzhou VMA | J10: =IFERROR(VLOOKUP($A10,[1]Други!$A:$I,9,FALSE),IFERROR(VLOOKUP($A10,[1]ИТТ!$A:$I,9,FALSE),IFERROR(VLOOKUP($A10,[1]Schrack!$A:$I,9,FALSE),IFERROR(VLOOKUP($A10,'[1]LD GmbH'!$A:$I,9,FALSE),IFERROR(VLOOKUP($A10,[1]Крисметал!$A:$I,9,FALSE),IFERROR(VLOOKUP($A10,[1]Унител!$A:$I,9,FALSE),"")))))) -> 45838 | K10: =IFERROR(VLOOKUP($A10,[1]Други!$A:$H,7,FALSE),IFERROR(VLOOKUP($A10,[1]ИТТ!$A:$H,7,FALSE),IFERROR(VLOOKUP($A10,[1]Schrack!$A:$H,7,FALSE),IFERROR(VLOOKUP($A10,'[1]LD GmbH'!$A:$H,7,FALSE),IFERROR(VLOOKUP($A10,[1]Крисметал!$A:$H,7,FALSE),IFERROR(VLOOKUP($A10,[1]Унител!$A:$H,7,FALSE),"")))))) -> 140.15826 | L10: =G10*K10 -> 12614.243 | O10: =SUMIF(Модули!$A:$A,Себестойност!A10,Модули!$B:$B)-G10 -> 0
A11: Перфорирана ламарина LB 1000x2000x0,5; RV 2-3: 1.4404 | B11: =IFERROR(VLOOKUP($A11,[1]Други!$A:$H,2,FALSE),IFERROR(VLOOKUP($A11,[1]ИТТ!$A:$H,2,FALSE),IFERROR(VLOOKUP($A11,[1]Schrack!$A:$H,2,FALSE),IFERROR(VLOOKUP($A11,'[1]LD GmbH'!$A:$H,2,FALSE),IFERROR(VLOOKUP($A11,[1]Крисметал!$A:$H,2,FALSE),IFERROR(VLOOKUP($A11,[1]Унител!$A:$H,2,FALSE),"")))))) -> 00721431 | C11: =IFERROR(VLOOKUP($A11,[1]Други!$A:$H,3,FALSE),IFERROR(VLOOKUP($A11,[1]ИТТ!$A:$H,3,FALSE),IFERROR(VLOOKUP($A11,[1]Schrack!$A:$H,3,FALSE),IFERROR(VLOOKUP($A11,'[1]LD GmbH'!$A:$H,3,FALSE),IFERROR(VLOOKUP($A11,[1]Крисметал!$A:$H,3,FALSE),IFERROR(VLOOKUP($A11,[1]Унител!$A:$H,3,FALSE),"")))))) -> 60.122812 | D11: =IFERROR(VLOOKUP($A11,[1]Други!$A:$H,4,FALSE),IFERROR(VLOOKUP($A11,[1]ИТТ!$A:$H,4,FALSE),IFERROR(VLOOKUP($A11,[1]Schrack!$A:$H,4,FALSE),IFERROR(VLOOKUP($A11,'[1]LD GmbH'!$A:$H,4,FALSE),IFERROR(VLOOKUP($A11,[1]Крисметал!$A:$H,4,FALSE),IFERROR(VLOOKUP($A11,[1]Унител!$A:$H,4,FALSE),"")))))) -> лист | E11: =IFERROR(VLOOKUP($A11,[1]Други!$A:$H,5,FALSE),IFERROR(VLOOKUP($A11,[1]ИТТ!$A:$H,5,FALSE),IFERROR(VLOOKUP($A11,[1]Schrack!$A:$H,5,FALSE),IFERROR(VLOOKUP($A11,'[1]LD GmbH'!$A:$H,5,FALSE),IFERROR(VLOOKUP($A11,[1]Крисметал!$A:$H,5,FALSE),IFERROR(VLOOKUP($A11,[1]Унител!$A:$H,5,FALSE),"")))))) -> 0 | F11: =IFERROR(VLOOKUP($A11,[1]Други!$A:$H,6,FALSE),IFERROR(VLOOKUP($A11,[1]ИТТ!$A:$H,6,FALSE),IFERROR(VLOOKUP($A11,[1]Schrack!$A:$H,6,FALSE),IFERROR(VLOOKUP($A11,'[1]LD GmbH'!$A:$H,6,FALSE),IFERROR(VLOOKUP($A11,[1]Крисметал!$A:$H,6,FALSE),IFERROR(VLOOKUP($A11,[1]Унител!$A:$H,6,FALSE),"")))))) -> 60.122812 | G11: =IFERROR(SUMIF(Модули!$A:$A,Себестойност!A11,Модули!$B:$B),"") -> 90 | H11: =IFERROR(F11*G11,"") -> 5411.0531 | I11: =IFERROR(VLOOKUP($A11,[1]Други!$A:$H,8,FALSE),IFERROR(VLOOKUP($A11,[1]ИТТ!$A:$H,8,FALSE),IFERROR(VLOOKUP($A11,[1]Schrack!$A:$H,8,FALSE),IFERROR(VLOOKUP($A11,'[1]LD GmbH'!$A:$H,8,FALSE),IFERROR(VLOOKUP($A11,[1]Крисметал!$A:$H,8,FALSE),IFERROR(VLOOKUP($A11,[1]Унител!$A:$H,8,FALSE),"")))))) -> ДФ България | J11: =IFERROR(VLOOKUP($A11,[1]Други!$A:$I,9,FALSE),IFERROR(VLOOKUP($A11,[1]ИТТ!$A:$I,9,FALSE),IFERROR(VLOOKUP($A11,[1]Schrack!$A:$I,9,FALSE),IFERROR(VLOOKUP($A11,'[1]LD GmbH'!$A:$I,9,FALSE),IFERROR(VLOOKUP($A11,[1]Крисметал!$A:$I,9,FALSE),IFERROR(VLOOKUP($A11,[1]Унител!$A:$I,9,FALSE),"")))))) -> 45887 | K11: =IFERROR(VLOOKUP($A11,[1]Други!$A:$H,7,FALSE),IFERROR(VLOOKUP($A11,[1]ИТТ!$A:$H,7,FALSE),IFERROR(VLOOKUP($A11,[1]Schrack!$A:$H,7,FALSE),IFERROR(VLOOKUP($A11,'[1]LD GmbH'!$A:$H,7,FALSE),IFERROR(VLOOKUP($A11,[1]Крисметал!$A:$H,7,FALSE),IFERROR(VLOOKUP($A11,[1]Унител!$A:$H,7,FALSE),"")))))) -> 72.147375 | L11: =G11*K11 -> 6493.2637 | O11: =SUMIF(Модули!$A:$A,Себестойност!A11,Модули!$B:$B)-G11 -> 0
A12: Плетена мрежа INOX AISI 316L H 1000 mm (+ транспорт) | B12: =IFERROR(VLOOKUP($A12,[1]Други!$A:$H,2,FALSE),IFERROR(VLOOKUP($A12,[1]ИТТ!$A:$H,2,FALSE),IFERROR(VLOOKUP($A12,[1]Schrack!$A:$H,2,FALSE),IFERROR(VLOOKUP($A12,'[1]LD GmbH'!$A:$H,2,FALSE),IFERROR(VLOOKUP($A12,[1]Крисметал!$A:$H,2,FALSE),IFERROR(VLOOKUP($A12,[1]Унител!$A:$H,2,FALSE),"")))))) -> 02112004 | C12: =IFERROR(VLOOKUP($A12,[1]Други!$A:$H,3,FALSE),IFERROR(VLOOKUP($A12,[1]ИТТ!$A:$H,3,FALSE),IFERROR(VLOOKUP($A12,[1]Schrack!$A:$H,3,FALSE),IFERROR(VLOOKUP($A12,'[1]LD GmbH'!$A:$H,3,FALSE),IFERROR(VLOOKUP($A12,[1]Крисметал!$A:$H,3,FALSE),IFERROR(VLOOKUP($A12,[1]Унител!$A:$H,3,FALSE),"")))))) -> 12.67 | D12: =IFERROR(VLOOKUP($A12,[1]Други!$A:$H,4,FALSE),IFERROR(VLOOKUP($A12,[1]ИТТ!$A:$H,4,FALSE),IFERROR(VLOOKUP($A12,[1]Schrack!$A:$H,4,FALSE),IFERROR(VLOOKUP($A12,'[1]LD GmbH'!$A:$H,4,FALSE),IFERROR(VLOOKUP($A12,[1]Крисметал!$A:$H,4,FALSE),IFERROR(VLOOKUP($A12,[1]Унител!$A:$H,4,FALSE),"")))))) -> кг. | E12: =IFERROR(VLOOKUP($A12,[1]Други!$A:$H,5,FALSE),IFERROR(VLOOKUP($A12,[1]ИТТ!$A:$H,5,FALSE),IFERROR(VLOOKUP($A12,[1]Schrack!$A:$H,5,FALSE),IFERROR(VLOOKUP($A12,'[1]LD GmbH'!$A:$H,5,FALSE),IFERROR(VLOOKUP($A12,[1]Крисметал!$A:$H,5,FALSE),IFERROR(VLOOKUP($A12,[1]Унител!$A:$H,5,FALSE),"")))))) -> 0 | F12: =IFERROR(VLOOKUP($A12,[1]Други!$A:$H,6,FALSE),IFERROR(VLOOKUP($A12,[1]ИТТ!$A:$H,6,FALSE),IFERROR(VLOOKUP($A12,[1]Schrack!$A:$H,6,FALSE),IFERROR(VLOOKUP($A12,'[1]LD GmbH'!$A:$H,6,FALSE),IFERROR(VLOOKUP($A12,[1]Крисметал!$A:$H,6,FALSE),IFERROR(VLOOKUP($A12,[1]Унител!$A:$H,6,FALSE),"")))))) -> 12.67 | G12: =IFERROR(SUMIF(Модули!$A:$A,Себестойност!A12,Модули!$B:$B),"") -> 92.24 | H12: =IFERROR(F12*G12,"") -> 1168.6808 | I12: =IFERROR(VLOOKUP($A12,[1]Други!$A:$H,8,FALSE),IFERROR(VLOOKUP($A12,[1]ИТТ!$A:$H,8,FALSE),IFERROR(VLOOKUP($A12,[1]Schrack!$A:$H,8,FALSE),IFERROR(VLOOKUP($A12,'[1]LD GmbH'!$A:$H,8,FALSE),IFERROR(VLOOKUP($A12,[1]Крисметал!$A:$H,8,FALSE),IFERROR(VLOOKUP($A12,[1]Унител!$A:$H,8,FALSE),"")))))) -> SOTAR S.R.L | J12: =IFERROR(VLOOKUP($A12,[1]Други!$A:$I,9,FALSE),IFERROR(VLOOKUP($A12,[1]ИТТ!$A:$I,9,FALSE),IFERROR(VLOOKUP($A12,[1]Schrack!$A:$I,9,FALSE),IFERROR(VLOOKUP($A12,'[1]LD GmbH'!$A:$I,9,FALSE),IFERROR(VLOOKUP($A12,[1]Крисметал!$A:$I,9,FALSE),IFERROR(VLOOKUP($A12,[1]Унител!$A:$I,9,FALSE),"")))))) -> 45678 | K12: =IFERROR(VLOOKUP($A12,[1]Други!$A:$H,7,FALSE),IFERROR(VLOOKUP($A12,[1]ИТТ!$A:$H,7,FALSE),IFERROR(VLOOKUP($A12,[1]Schrack!$A:$H,7,FALSE),IFERROR(VLOOKUP($A12,'[1]LD GmbH'!$A:$H,7,FALSE),IFERROR(VLOOKUP($A12,[1]Крисметал!$A:$H,7,FALSE),IFERROR(VLOOKUP($A12,[1]Унител!$A:$H,7,FALSE),"")))))) -> 12.67 | L12: =G12*K12 -> 1168.6808 | O12: =SUMIF(Модули!$A:$A,Себестойност!A12,Модули!$B:$B)-G12 -> 0
A13: КРЕПЕЖИ
A14: Ринг гайка, DIN 582, C15, vZn, M 24 | B14: =IFERROR(VLOOKUP($A14,[1]Други!$A:$H,2,FALSE),IFERROR(VLOOKUP($A14,[1]ИТТ!$A:$H,2,FALSE),IFERROR(VLOOKUP($A14,[1]Schrack!$A:$H,2,FALSE),IFERROR(VLOOKUP($A14,'[1]LD GmbH'!$A:$H,2,FALSE),IFERROR(VLOOKUP($A14,[1]Крисметал!$A:$H,2,FALSE),IFERROR(VLOOKUP($A14,[1]Унител!$A:$H,2,FALSE),"")))))) -> 00582 0001 24 | C14: =IFERROR(VLOOKUP($A14,[1]Други!$A:$H,3,FALSE),IFERROR(VLOOKUP($A14,[1]ИТТ!$A:$H,3,FALSE),IFERROR(VLOOKUP($A14,[1]Schrack!$A:$H,3,FALSE),IFERROR(VLOOKUP($A14,'[1]LD GmbH'!$A:$H,3,FALSE),IFERROR(VLOOKUP($A14,[1]Крисметал!$A:$H,3,FALSE),IFERROR(VLOOKUP($A14,[1]Унител!$A:$H,3,FALSE),"")))))) -> 437.15456 | D14: =IFERROR(VLOOKUP($A14,[1]Други!$A:$H,4,FALSE),IFERROR(VLOOKUP($A14,[1]ИТТ!$A:$H,4,FALSE),IFERROR(VLOOKUP($A14,[1]Schrack!$A:$H,4,FALSE),IFERROR(VLOOKUP($A14,'[1]LD GmbH'!$A:$H,4,FALSE),IFERROR(VLOOKUP($A14,[1]Крисметал!$A:$H,4,FALSE),IFERROR(VLOOKUP($A14,[1]Унител!$A:$H,4,FALSE),"")))))) -> 100 бр. | E14: =IFERROR(VLOOKUP($A14,[1]Други!$A:$H,5,FALSE),IFERROR(VLOOKUP($A14,[1]ИТТ!$A:$H,5,FALSE),IFERROR(VLOOKUP($A14,[1]Schrack!$A:$H,5,FALSE),IFERROR(VLOOKUP($A14,'[1]LD GmbH'!$A:$H,5,FALSE),IFERROR(VLOOKUP($A14,[1]Крисметал!$A:$H,5,FALSE),IFERROR(VLOOKUP($A14,[1]Унител!$A:$H,5,FALSE),"")))))) -> 0 | F14: =IFERROR(VLOOKUP($A14,[1]Други!$A:$H,6,FALSE),IFERROR(VLOOKUP($A14,[1]ИТТ!$A:$H,6,FALSE),IFERROR(VLOOKUP($A14,[1]Schrack!$A:$H,6,FALSE),IFERROR(VLOOKUP($A14,'[1]LD GmbH'!$A:$H,6,FALSE),IFERROR(VLOOKUP($A14,[1]Крисметал!$A:$H,6,FALSE),IFERROR(VLOOKUP($A14,[1]Унител!$A:$H,6,FALSE),"")))))) -> 437.15456 | G14: =IFERROR(SUMIF(Модули!$A:$A,Себестойност!A14,Модули!$B:$B),"") -> 0.06 | H14: =IFERROR(F14*G14,"") -> 26.229274 | I14: =IFERROR(VLOOKUP($A14,[1]Други!$A:$H,8,FALSE),IFERROR(VLOOKUP($A14,[1]ИТТ!$A:$H,8,FALSE),IFERROR(VLOOKUP($A14,[1]Schrack!$A:$H,8,FALSE),IFERROR(VLOOKUP($A14,'[1]LD GmbH'!$A:$H,8,FALSE),IFERROR(VLOOKUP($A14,[1]Крисметал!$A:$H,8,FALSE),IFERROR(VLOOKUP($A14,[1]Унител!$A:$H,8,FALSE),"")))))) -> ИТТ | J14: =IFERROR(VLOOKUP($A14,[1]Други!$A:$I,9,FALSE),IFERROR(VLOOKUP($A14,[1]ИТТ!$A:$I,9,FALSE),IFERROR(VLOOKUP($A14,[1]Schrack!$A:$I,9,FALSE),IFERROR(VLOOKUP($A14,'[1]LD GmbH'!$A:$I,9,FALSE),IFERROR(VLOOKUP($A14,[1]Крисметал!$A:$I,9,FALSE),IFERROR(VLOOKUP($A14,[1]Унител!$A:$I,9,FALSE),"")))))) -> 45693 | K14: =IFERROR(VLOOKUP($A14,[1]Други!$A:$H,7,FALSE),IFERROR(VLOOKUP($A14,[1]ИТТ!$A:$H,7,FALSE),IFERROR(VLOOKUP($A14,[1]Schrack!$A:$H,7,FALSE),IFERROR(VLOOKUP($A14,'[1]LD GmbH'!$A:$H,7,FALSE),IFERROR(VLOOKUP($A14,[1]Крисметал!$A:$H,7,FALSE),IFERROR(VLOOKUP($A14,[1]Унител!$A:$H,7,FALSE),"")))))) -> 524.58547 | L14: =G14*K14 -> 31.475128 | O14: =SUMIF(Модули!$A:$A,Себестойност!A14,Модули!$B:$B)-G14 -> 0
A15: Шпилка М56х4, 8.8, черна L=2000mm | B15: =IFERROR(VLOOKUP($A15,[1]Други!$A:$H,2,FALSE),IFERROR(VLOOKUP($A15,[1]ИТТ!$A:$H,2,FALSE),IFERROR(VLOOKUP($A15,[1]Schrack!$A:$H,2,FALSE),IFERROR(VLOOKUP($A15,'[1]LD GmbH'!$A:$H,2,FALSE),IFERROR(VLOOKUP($A15,[1]Крисметал!$A:$H,2,FALSE),IFERROR(VLOOKUP($A15,[1]Унител!$A:$H,2,FALSE),"")))))) -> - | C15: =IFERROR(VLOOKUP($A15,[1]Други!$A:$H,3,FALSE),IFERROR(VLOOKUP($A15,[1]ИТТ!$A:$H,3,FALSE),IFERROR(VLOOKUP($A15,[1]Schrack!$A:$H,3,FALSE),IFERROR(VLOOKUP($A15,'[1]LD GmbH'!$A:$H,3,FALSE),IFERROR(VLOOKUP($A15,[1]Крисметал!$A:$H,3,FALSE),IFERROR(VLOOKUP($A15,[1]Унител!$A:$H,3,FALSE),"")))))) -> 176.90699 | D15: =IFERROR(VLOOKUP($A15,[1]Други!$A:$H,4,FALSE),IFERROR(VLOOKUP($A15,[1]ИТТ!$A:$H,4,FALSE),IFERROR(VLOOKUP($A15,[1]Schrack!$A:$H,4,FALSE),IFERROR(VLOOKUP($A15,'[1]LD GmbH'!$A:$H,4,FALSE),IFERROR(VLOOKUP($A15,[1]Крисметал!$A:$H,4,FALSE),IFERROR(VLOOKUP($A15,[1]Унител!$A:$H,4,FALSE),"")))))) -> бр. | E15: =IFERROR(VLOOKUP($A15,[1]Други!$A:$H,5,FALSE),IFERROR(VLOOKUP($A15,[1]ИТТ!$A:$H,5,FALSE),IFERROR(VLOOKUP($A15,[1]Schrack!$A:$H,5,FALSE),IFERROR(VLOOKUP($A15,'[1]LD GmbH'!$A:$H,5,FALSE),IFERROR(VLOOKUP($A15,[1]Крисметал!$A:$H,5,FALSE),IFERROR(VLOOKUP($A15,[1]Унител!$A:$H,5,FALSE),"")))))) -> 0 | F15: =IFERROR(VLOOKUP($A15,[1]Други!$A:$H,6,FALSE),IFERROR(VLOOKUP($A15,[1]ИТТ!$A:$H,6,FALSE),IFERROR(VLOOKUP($A15,[1]Schrack!$A:$H,6,FALSE),IFERROR(VLOOKUP($A15,'[1]LD GmbH'!$A:$H,6,FALSE),IFERROR(VLOOKUP($A15,[1]Крисметал!$A:$H,6,FALSE),IFERROR(VLOOKUP($A15,[1]Унител!$A:$H,6,FALSE),"")))))) -> 176.90699 | G15: =IFERROR(SUMIF(Модули!$A:$A,Себестойност!A15,Модули!$B:$B),"") -> 10 | H15: =IFERROR(F15*G15,"") -> 1769.0699 | I15: =IFERROR(VLOOKUP($A15,[1]Други!$A:$H,8,FALSE),IFERROR(VLOOKUP($A15,[1]ИТТ!$A:$H,8,FALSE),IFERROR(VLOOKUP($A15,[1]Schrack!$A:$H,8,FALSE),IFERROR(VLOOKUP($A15,'[1]LD GmbH'!$A:$H,8,FALSE),IFERROR(VLOOKUP($A15,[1]Крисметал!$A:$H,8,FALSE),IFERROR(VLOOKUP($A15,[1]Унител!$A:$H,8,FALSE),"")))))) -> Аронов 87 | J15: =IFERROR(VLOOKUP($A15,[1]Други!$A:$I,9,FALSE),IFERROR(VLOOKUP($A15,[1]ИТТ!$A:$I,9,FALSE),IFERROR(VLOOKUP($A15,[1]Schrack!$A:$I,9,FALSE),IFERROR(VLOOKUP($A15,'[1]LD GmbH'!$A:$I,9,FALSE),IFERROR(VLOOKUP($A15,[1]Крисметал!$A:$I,9,FALSE),IFERROR(VLOOKUP($A15,[1]Унител!$A:$I,9,FALSE),"")))))) -> 45565 | K15: =IFERROR(VLOOKUP($A15,[1]Други!$A:$H,7,FALSE),IFERROR(VLOOKUP($A15,[1]ИТТ!$A:$H,7,FALSE),IFERROR(VLOOKUP($A15,[1]Schrack!$A:$H,7,FALSE),IFERROR(VLOOKUP($A15,'[1]LD GmbH'!$A:$H,7,FALSE),IFERROR(VLOOKUP($A15,[1]Крисметал!$A:$H,7,FALSE),IFERROR(VLOOKUP($A15,[1]Унител!$A:$H,7,FALSE),"")))))) -> 212.28839 | L15: =G15*K15 -> 2122.8839 | O15: =SUMIF(Модули!$A:$A,Себестойност!A15,Модули!$B:$B)-G15 -> 0
A16: Гайка M56x4, 8.8 | B16: =IFERROR(VLOOKUP($A16,[1]Други!$A:$H,2,FALSE),IFERROR(VLOOKUP($A16,[1]ИТТ!$A:$H,2,FALSE),IFERROR(VLOOKUP($A16,[1]Schrack!$A:$H,2,FALSE),IFERROR(VLOOKUP($A16,'[1]LD GmbH'!$A:$H,2,FALSE),IFERROR(VLOOKUP($A16,[1]Крисметал!$A:$H,2,FALSE),IFERROR(VLOOKUP($A16,[1]Унител!$A:$H,2,FALSE),"")))))) -> - | C16: =IFERROR(VLOOKUP($A16,[1]Други!$A:$H,3,FALSE),IFERROR(VLOOKUP($A16,[1]ИТТ!$A:$H,3,FALSE),IFERROR(VLOOKUP($A16,[1]Schrack!$A:$H,3,FALSE),IFERROR(VLOOKUP($A16,'[1]LD GmbH'!$A:$H,3,FALSE),IFERROR(VLOOKUP($A16,[1]Крисметал!$A:$H,3,FALSE),IFERROR(VLOOKUP($A16,[1]Унител!$A:$H,3,FALSE),"")))))) -> 16.616986 | D16: =IFERROR(VLOOKUP($A16,[1]Други!$A:$H,4,FALSE),IFERROR(VLOOKUP($A16,[1]ИТТ!$A:$H,4,FALSE),IFERROR(VLOOKUP($A16,[1]Schrack!$A:$H,4,FALSE),IFERROR(VLOOKUP($A16,'[1]LD GmbH'!$A:$H,4,FALSE),IFERROR(VLOOKUP($A16,[1]Крисметал!$A:$H,4,FALSE),IFERROR(VLOOKUP($A16,[1]Унител!$A:$H,4,FALSE),"")))))) -> бр. | E16: =IFERROR(VLOOKUP($A16,[1]Други!$A:$H,5,FALSE),IFERROR(VLOOKUP($A16,[1]ИТТ!$A:$H,5,FALSE),IFERROR(VLOOKUP($A16,[1]Schrack!$A:$H,5,FALSE),IFERROR(VLOOKUP($A16,'[1]LD GmbH'!$A:$H,5,FALSE),IFERROR(VLOOKUP($A16,[1]Крисметал!$A:$H,5,FALSE),IFERROR(VLOOKUP($A16,[1]Унител!$A:$H,5,FALSE),"")))))) -> 0 | F16: =IFERROR(VLOOKUP($A16,[1]Други!$A:$H,6,FALSE),IFERROR(VLOOKUP($A16,[1]ИТТ!$A:$H,6,FALSE),IFERROR(VLOOKUP($A16,[1]Schrack!$A:$H,6,FALSE),IFERROR(VLOOKUP($A16,'[1]LD GmbH'!$A:$H,6,FALSE),IFERROR(VLOOKUP($A16,[1]Крисметал!$A:$H,6,FALSE),IFERROR(VLOOKUP($A16,[1]Унител!$A:$H,6,FALSE),"")))))) -> 16.616986 | G16: =IFERROR(SUMIF(Модули!$A:$A,Себестойност!A16,Модули!$B:$B),"") -> 20 | H16: =IFERROR(F16*G16,"") -> 332.33972 | I16: =IFERROR(VLOOKUP($A16,[1]Други!$A:$H,8,FALSE),IFERROR(VLOOKUP($A16,[1]ИТТ!$A:$H,8,FALSE),IFERROR(VLOOKUP($A16,[1]Schrack!$A:$H,8,FALSE),IFERROR(VLOOKUP($A16,'[1]LD GmbH'!$A:$H,8,FALSE),IFERROR(VLOOKUP($A16,[1]Крисметал!$A:$H,8,FALSE),IFERROR(VLOOKUP($A16,[1]Унител!$A:$H,8,FALSE),"")))))) -> Аронов 87 | J16: =IFERROR(VLOOKUP($A16,[1]Други!$A:$I,9,FALSE),IFERROR(VLOOKUP($A16,[1]ИТТ!$A:$I,9,FALSE),IFERROR(VLOOKUP($A16,[1]Schrack!$A:$I,9,FALSE),IFERROR(VLOOKUP($A16,'[1]LD GmbH'!$A:$I,9,FALSE),IFERROR(VLOOKUP($A16,[1]Крисметал!$A:$I,9,FALSE),IFERROR(VLOOKUP($A16,[1]Унител!$A:$I,9,FALSE),"")))))) -> 45575 | K16: =IFERROR(VLOOKUP($A16,[1]Други!$A:$H,7,FALSE),IFERROR(VLOOKUP($A16,[1]ИТТ!$A:$H,7,FALSE),IFERROR(VLOOKUP($A16,[1]Schrack!$A:$H,7,FALSE),IFERROR(VLOOKUP($A16,'[1]LD GmbH'!$A:$H,7,FALSE),IFERROR(VLOOKUP($A16,[1]Крисметал!$A:$H,7,FALSE),IFERROR(VLOOKUP($A16,[1]Унител!$A:$H,7,FALSE),"")))))) -> 19.940383 | L16: =G16*K16 -> 398.80767 | O16: =SUMIF(Модули!$A:$A,Себестойност!A16,Модули!$B:$B)-G16 -> 0
A17: Шайба подложна, DIN 125A, vZn, M56 | B17: =IFERROR(VLOOKUP($A17,[1]Други!$A:$H,2,FALSE),IFERROR(VLOOKUP($A17,[1]ИТТ!$A:$H,2,FALSE),IFERROR(VLOOKUP($A17,[1]Schrack!$A:$H,2,FALSE),IFERROR(VLOOKUP($A17,'[1]LD GmbH'!$A:$H,2,FALSE),IFERROR(VLOOKUP($A17,[1]Крисметал!$A:$H,2,FALSE),IFERROR(VLOOKUP($A17,[1]Унител!$A:$H,2,FALSE),"")))))) -> 00125 0001 56 | C17: =IFERROR(VLOOKUP($A17,[1]Други!$A:$H,3,FALSE),IFERROR(VLOOKUP($A17,[1]ИТТ!$A:$H,3,FALSE),IFERROR(VLOOKUP($A17,[1]Schrack!$A:$H,3,FALSE),IFERROR(VLOOKUP($A17,'[1]LD GmbH'!$A:$H,3,FALSE),IFERROR(VLOOKUP($A17,[1]Крисметал!$A:$H,3,FALSE),IFERROR(VLOOKUP($A17,[1]Унител!$A:$H,3,FALSE),"")))))) -> 170.43915 | D17: =IFERROR(VLOOKUP($A17,[1]Други!$A:$H,4,FALSE),IFERROR(VLOOKUP($A17,[1]ИТТ!$A:$H,4,FALSE),IFERROR(VLOOKUP($A17,[1]Schrack!$A:$H,4,FALSE),IFERROR(VLOOKUP($A17,'[1]LD GmbH'!$A:$H,4,FALSE),IFERROR(VLOOKUP($A17,[1]Крисметал!$A:$H,4,FALSE),IFERROR(VLOOKUP($A17,[1]Унител!$A:$H,4,FALSE),"")))))) -> 100 бр. | E17: =IFERROR(VLOOKUP($A17,[1]Други!$A:$H,5,FALSE),IFERROR(VLOOKUP($A17,[1]ИТТ!$A:$H,5,FALSE),IFERROR(VLOOKUP($A17,[1]Schrack!$A:$H,5,FALSE),IFERROR(VLOOKUP($A17,'[1]LD GmbH'!$A:$H,5,FALSE),IFERROR(VLOOKUP($A17,[1]Крисметал!$A:$H,5,FALSE),IFERROR(VLOOKUP($A17,[1]Унител!$A:$H,5,FALSE),"")))))) -> 0 | F17: =IFERROR(VLOOKUP($A17,[1]Други!$A:$H,6,FALSE),IFERROR(VLOOKUP($A17,[1]ИТТ!$A:$H,6,FALSE),IFERROR(VLOOKUP($A17,[1]Schrack!$A:$H,6,FALSE),IFERROR(VLOOKUP($A17,'[1]LD GmbH'!$A:$H,6,FALSE),IFERROR(VLOOKUP($A17,[1]Крисметал!$A:$H,6,FALSE),IFERROR(VLOOKUP($A17,[1]Унител!$A:$H,6,FALSE),"")))))) -> 170.43915 | G17: =IFERROR(SUMIF(Модули!$A:$A,Себестойност!A17,Модули!$B:$B),"") -> 0.1 | H17: =IFERROR(F17*G17,"") -> 17.043915 | I17: =IFERROR(VLOOKUP($A17,[1]Други!$A:$H,8,FALSE),IFERROR(VLOOKUP($A17,[1]ИТТ!$A:$H,8,FALSE),IFERROR(VLOOKUP($A17,[1]Schrack!$A:$H,8,FALSE),IFERROR(VLOOKUP($A17,'[1]LD GmbH'!$A:$H,8,FALSE),IFERROR(VLOOKUP($A17,[1]Крисметал!$A:$H,8,FALSE),IFERROR(VLOOKUP($A17,[1]Унител!$A:$H,8,FALSE),"")))))) -> ИТТ | J17: =IFERROR(VLOOKUP($A17,[1]Други!$A:$I,9,FALSE),IFERROR(VLOOKUP($A17,[1]ИТТ!$A:$I,9,FALSE),IFERROR(VLOOKUP($A17,[1]Schrack!$A:$I,9,FALSE),IFERROR(VLOOKUP($A17,'[1]LD GmbH'!$A:$I,9,FALSE),IFERROR(VLOOKUP($A17,[1]Крисметал!$A:$I,9,FALSE),IFERROR(VLOOKUP($A17,[1]Унител!$A:$I,9,FALSE),"")))))) -> 45408 | K17: =IFERROR(VLOOKUP($A17,[1]Други!$A:$H,7,FALSE),IFERROR(VLOOKUP($A17,[1]ИТТ!$A:$H,7,FALSE),IFERROR(VLOOKUP($A17,[1]Schrack!$A:$H,7,FALSE),IFERROR(VLOOKUP($A17,'[1]LD GmbH'!$A:$H,7,FALSE),IFERROR(VLOOKUP($A17,[1]Крисметал!$A:$H,7,FALSE),IFERROR(VLOOKUP($A17,[1]Унител!$A:$H,7,FALSE),"")))))) -> 204.52698 | L17: =G17*K17 -> 20.452698 | O17: =SUMIF(Модули!$A:$A,Себестойност!A17,Модули!$B:$B)-G17 -> 0
A18: Disc Spring 112х57х4mm (+транспорт) (+мито 6,5%) | B18: =IFERROR(VLOOKUP($A18,[1]Други!$A:$H,2,FALSE),IFERROR(VLOOKUP($A18,[1]ИТТ!$A:$H,2,FALSE),IFERROR(VLOOKUP($A18,[1]Schrack!$A:$H,2,FALSE),IFERROR(VLOOKUP($A18,'[1]LD GmbH'!$A:$H,2,FALSE),IFERROR(VLOOKUP($A18,[1]Крисметал!$A:$H,2,FALSE),IFERROR(VLOOKUP($A18,[1]Унител!$A:$H,2,FALSE),"")))))) -> - | C18: =IFERROR(VLOOKUP($A18,[1]Други!$A:$H,3,FALSE),IFERROR(VLOOKUP($A18,[1]ИТТ!$A:$H,3,FALSE),IFERROR(VLOOKUP($A18,[1]Schrack!$A:$H,3,FALSE),IFERROR(VLOOKUP($A18,'[1]LD GmbH'!$A:$H,3,FALSE),IFERROR(VLOOKUP($A18,[1]Крисметал!$A:$H,3,FALSE),IFERROR(VLOOKUP($A18,[1]Унител!$A:$H,3,FALSE),"")))))) -> 4.07895 | D18: =IFERROR(VLOOKUP($A18,[1]Други!$A:$H,4,FALSE),IFERROR(VLOOKUP($A18,[1]ИТТ!$A:$H,4,FALSE),IFERROR(VLOOKUP($A18,[1]Schrack!$A:$H,4,FALSE),IFERROR(VLOOKUP($A18,'[1]LD GmbH'!$A:$H,4,FALSE),IFERROR(VLOOKUP($A18,[1]Крисметал!$A:$H,4,FALSE),IFERROR(VLOOKUP($A18,[1]Унител!$A:$H,4,FALSE),"")))))) -> бр. | E18: =IFERROR(VLOOKUP($A18,[1]Други!$A:$H,5,FALSE),IFERROR(VLOOKUP($A18,[1]ИТТ!$A:$H,5,FALSE),IFERROR(VLOOKUP($A18,[1]Schrack!$A:$H,5,FALSE),IFERROR(VLOOKUP($A18,'[1]LD GmbH'!$A:$H,5,FALSE),IFERROR(VLOOKUP($A18,[1]Крисметал!$A:$H,5,FALSE),IFERROR(VLOOKUP($A18,[1]Унител!$A:$H,5,FALSE),"")))))) -> 0 | F18: =IFERROR(VLOOKUP($A18,[1]Други!$A:$H,6,FALSE),IFERROR(VLOOKUP($A18,[1]ИТТ!$A:$H,6,FALSE),IFERROR(VLOOKUP($A18,[1]Schrack!$A:$H,6,FALSE),IFERROR(VLOOKUP($A18,'[1]LD GmbH'!$A:$H,6,FALSE),IFERROR(VLOOKUP($A18,[1]Крисметал!$A:$H,6,FALSE),IFERROR(VLOOKUP($A18,[1]Унител!$A:$H,6,FALSE),"")))))) -> 4.07895 | G18: =IFERROR(SUMIF(Модули!$A:$A,Себестойност!A18,Модули!$B:$B),"") -> 200 | H18: =IFERROR(F18*G18,"") -> 815.79 | I18: =IFERROR(VLOOKUP($A18,[1]Други!$A:$H,8,FALSE),IFERROR(VLOOKUP($A18,[1]ИТТ!$A:$H,8,FALSE),IFERROR(VLOOKUP($A18,[1]Schrack!$A:$H,8,FALSE),IFERROR(VLOOKUP($A18,'[1]LD GmbH'!$A:$H,8,FALSE),IFERROR(VLOOKUP($A18,[1]Крисметал!$A:$H,8,FALSE),IFERROR(VLOOKUP($A18,[1]Унител!$A:$H,8,FALSE),"")))))) -> Suzhou VMA | J18: =IFERROR(VLOOKUP($A18,[1]Други!$A:$I,9,FALSE),IFERROR(VLOOKUP($A18,[1]ИТТ!$A:$I,9,FALSE),IFERROR(VLOOKUP($A18,[1]Schrack!$A:$I,9,FALSE),IFERROR(VLOOKUP($A18,'[1]LD GmbH'!$A:$I,9,FALSE),IFERROR(VLOOKUP($A18,[1]Крисметал!$A:$I,9,FALSE),IFERROR(VLOOKUP($A18,[1]Унител!$A:$I,9,FALSE),"")))))) -> 45645 | K18: =IFERROR(VLOOKUP($A18,[1]Други!$A:$H,7,FALSE),IFERROR(VLOOKUP($A18,[1]ИТТ!$A:$H,7,FALSE),IFERROR(VLOOKUP($A18,[1]Schrack!$A:$H,7,FALSE),IFERROR(VLOOKUP($A18,'[1]LD GmbH'!$A:$H,7,FALSE),IFERROR(VLOOKUP($A18,[1]Крисметал!$A:$H,7,FALSE),IFERROR(VLOOKUP($A18,[1]Унител!$A:$H,7,FALSE),"")))))) -> 4.89474 | L18: =G18*K18 -> 978.948 | O18: =SUMIF(Модули!$A:$A,Себестойност!A18,Модули!$B:$B)-G18 -> 0
A19: ПП тръба за т. вода Ф63/PN20 | B19: =IFERROR(VLOOKUP($A19,[1]Други!$A:$H,2,FALSE),IFERROR(VLOOKUP($A19,[1]ИТТ!$A:$H,2,FALSE),IFERROR(VLOOKUP($A19,[1]Schrack!$A:$H,2,FALSE),IFERROR(VLOOKUP($A19,'[1]LD GmbH'!$A:$H,2,FALSE),IFERROR(VLOOKUP($A19,[1]Крисметал!$A:$H,2,FALSE),IFERROR(VLOOKUP($A19,[1]Унител!$A:$H,2,FALSE),"")))))) -> 702 | C19: =IFERROR(VLOOKUP($A19,[1]Други!$A:$H,3,FALSE),IFERROR(VLOOKUP($A19,[1]ИТТ!$A:$H,3,FALSE),IFERROR(VLOOKUP($A19,[1]Schrack!$A:$H,3,FALSE),IFERROR(VLOOKUP($A19,'[1]LD GmbH'!$A:$H,3,FALSE),IFERROR(VLOOKUP($A19,[1]Крисметал!$A:$H,3,FALSE),IFERROR(VLOOKUP($A19,[1]Унител!$A:$H,3,FALSE),"")))))) -> 10.31787 | D19: =IFERROR(VLOOKUP($A19,[1]Други!$A:$H,4,FALSE),IFERROR(VLOOKUP($A19,[1]ИТТ!$A:$H,4,FALSE),IFERROR(VLOOKUP($A19,[1]Schrack!$A:$H,4,FALSE),IFERROR(VLOOKUP($A19,'[1]LD GmbH'!$A:$H,4,FALSE),IFERROR(VLOOKUP($A19,[1]Крисметал!$A:$H,4,FALSE),IFERROR(VLOOKUP($A19,[1]Унител!$A:$H,4,FALSE),"")))))) -> м. | E19: =IFERROR(VLOOKUP($A19,[1]Други!$A:$H,5,FALSE),IFERROR(VLOOKUP($A19,[1]ИТТ!$A:$H,5,FALSE),IFERROR(VLOOKUP($A19,[1]Schrack!$A:$H,5,FALSE),IFERROR(VLOOKUP($A19,'[1]LD GmbH'!$A:$H,5,FALSE),IFERROR(VLOOKUP($A19,[1]Крисметал!$A:$H,5,FALSE),IFERROR(VLOOKUP($A19,[1]Унител!$A:$H,5,FALSE),"")))))) -> 0 | F19: =IFERROR(VLOOKUP($A19,[1]Други!$A:$H,6,FALSE),IFERROR(VLOOKUP($A19,[1]ИТТ!$A:$H,6,FALSE),IFERROR(VLOOKUP($A19,[1]Schrack!$A:$H,6,FALSE),IFERROR(VLOOKUP($A19,'[1]LD GmbH'!$A:$H,6,FALSE),IFERROR(VLOOKUP($A19,[1]Крисметал!$A:$H,6,FALSE),IFERROR(VLOOKUP($A19,[1]Унител!$A:$H,6,FALSE),"")))))) -> 10.31787 | G19: =IFERROR(SUMIF(Модули!$A:$A,Себестойност!A19,Модули!$B:$B),"") -> 12 | H19: =IFERROR(F19*G19,"") -> 123.81444 | I19: =IFERROR(VLOOKUP($A19,[1]Други!$A:$H,8,FALSE),IFERROR(VLOOKUP($A19,[1]ИТТ!$A:$H,8,FALSE),IFERROR(VLOOKUP($A19,[1]Schrack!$A:$H,8,FALSE),IFERROR(VLOOKUP($A19,'[1]LD GmbH'!$A:$H,8,FALSE),IFERROR(VLOOKUP($A19,[1]Крисметал!$A:$H,8,FALSE),IFERROR(VLOOKUP($A19,[1]Унител!$A:$H,8,FALSE),"")))))) -> ИВДА-ГЕО | J19: =IFERROR(VLOOKUP($A19,[1]Други!$A:$I,9,FALSE),IFERROR(VLOOKUP($A19,[1]ИТТ!$A:$I,9,FALSE),IFERROR(VLOOKUP($A19,[1]Schrack!$A:$I,9,FALSE),IFERROR(VLOOKUP($A19,'[1]LD GmbH'!$A:$I,9,FALSE),IFERROR(VLOOKUP($A19,[1]Крисметал!$A:$I,9,FALSE),IFERROR(VLOOKUP($A19,[1]Унител!$A:$I,9,FALSE),"")))))) -> 44959 | K19: =IFERROR(VLOOKUP($A19,[1]Други!$A:$H,7,FALSE),IFERROR(VLOOKUP($A19,[1]ИТТ!$A:$H,7,FALSE),IFERROR(VLOOKUP($A19,[1]Schrack!$A:$H,7,FALSE),IFERROR(VLOOKUP($A19,'[1]LD GmbH'!$A:$H,7,FALSE),IFERROR(VLOOKUP($A19,[1]Крисметал!$A:$H,7,FALSE),IFERROR(VLOOKUP($A19,[1]Унител!$A:$H,7,FALSE),"")))))) -> 12.381444 | L19: =G19*K19 -> 148.57733 | O19: =SUMIF(Модули!$A:$A,Себестойност!A19,Модули!$B:$B)-G19 -> 0
A20: ПОДПОРА ПОЛИАМИД + СТОПЕР
A21: Полиамид | B21: =IFERROR(VLOOKUP($A21,[1]Други!$A:$H,2,FALSE),IFERROR(VLOOKUP($A21,[1]ИТТ!$A:$H,2,FALSE),IFERROR(VLOOKUP($A21,[1]Schrack!$A:$H,2,FALSE),IFERROR(VLOOKUP($A21,'[1]LD GmbH'!$A:$H,2,FALSE),IFERROR(VLOOKUP($A21,[1]Крисметал!$A:$H,2,FALSE),IFERROR(VLOOKUP($A21,[1]Унител!$A:$H,2,FALSE),"")))))) -> - | C21: =IFERROR(VLOOKUP($A21,[1]Други!$A:$H,3,FALSE),IFERROR(VLOOKUP($A21,[1]ИТТ!$A:$H,3,FALSE),IFERROR(VLOOKUP($A21,[1]Schrack!$A:$H,3,FALSE),IFERROR(VLOOKUP($A21,'[1]LD GmbH'!$A:$H,3,FALSE),IFERROR(VLOOKUP($A21,[1]Крисметал!$A:$H,3,FALSE),IFERROR(VLOOKUP($A21,[1]Унител!$A:$H,3,FALSE),"")))))) -> 1057.6584 | D21: =IFERROR(VLOOKUP($A21,[1]Други!$A:$H,4,FALSE),IFERROR(VLOOKUP($A21,[1]ИТТ!$A:$H,4,FALSE),IFERROR(VLOOKUP($A21,[1]Schrack!$A:$H,4,FALSE),IFERROR(VLOOKUP($A21,'[1]LD GmbH'!$A:$H,4,FALSE),IFERROR(VLOOKUP($A21,[1]Крисметал!$A:$H,4,FALSE),IFERROR(VLOOKUP($A21,[1]Унител!$A:$H,4,FALSE),"")))))) -> бр. | E21: =IFERROR(VLOOKUP($A21,[1]Други!$A:$H,5,FALSE),IFERROR(VLOOKUP($A21,[1]ИТТ!$A:$H,5,FALSE),IFERROR(VLOOKUP($A21,[1]Schrack!$A:$H,5,FALSE),IFERROR(VLOOKUP($A21,'[1]LD GmbH'!$A:$H,5,FALSE),IFERROR(VLOOKUP($A21,[1]Крисметал!$A:$H,5,FALSE),IFERROR(VLOOKUP($A21,[1]Унител!$A:$H,5,FALSE),"")))))) -> 0 | F21: =IFERROR(VLOOKUP($A21,[1]Други!$A:$H,6,FALSE),IFERROR(VLOOKUP($A21,[1]ИТТ!$A:$H,6,FALSE),IFERROR(VLOOKUP($A21,[1]Schrack!$A:$H,6,FALSE),IFERROR(VLOOKUP($A21,'[1]LD GmbH'!$A:$H,6,FALSE),IFERROR(VLOOKUP($A21,[1]Крисметал!$A:$H,6,FALSE),IFERROR(VLOOKUP($A21,[1]Унител!$A:$H,6,FALSE),"")))))) -> 1057.6584 | G21: =IFERROR(SUMIF(Модули!$A:$A,Себестойност!A21,Модули!$B:$B),"") -> 1 | H21: =IFERROR(F21*G21,"") -> 1057.6584 | I21: =IFERROR(VLOOKUP($A21,[1]Други!$A:$H,8,FALSE),IFERROR(VLOOKUP($A21,[1]ИТТ!$A:$H,8,FALSE),IFERROR(VLOOKUP($A21,[1]Schrack!$A:$H,8,FALSE),IFERROR(VLOOKUP($A21,'[1]LD GmbH'!$A:$H,8,FALSE),IFERROR(VLOOKUP($A21,[1]Крисметал!$A:$H,8,FALSE),IFERROR(VLOOKUP($A21,[1]Унител!$A:$H,8,FALSE),"")))))) -> Гумпласт | J21: =IFERROR(VLOOKUP($A21,[1]Други!$A:$I,9,FALSE),IFERROR(VLOOKUP($A21,[1]ИТТ!$A:$I,9,FALSE),IFERROR(VLOOKUP($A21,[1]Schrack!$A:$I,9,FALSE),IFERROR(VLOOKUP($A21,'[1]LD GmbH'!$A:$I,9,FALSE),IFERROR(VLOOKUP($A21,[1]Крисметал!$A:$I,9,FALSE),IFERROR(VLOOKUP($A21,[1]Унител!$A:$I,9,FALSE),"")))))) -> 45635 | K21: =IFERROR(VLOOKUP($A21,[1]Други!$A:$H,7,FALSE),IFERROR(VLOOKUP($A21,[1]ИТТ!$A:$H,7,FALSE),IFERROR(VLOOKUP($A21,[1]Schrack!$A:$H,7,FALSE),IFERROR(VLOOKUP($A21,'[1]LD GmbH'!$A:$H,7,FALSE),IFERROR(VLOOKUP($A21,[1]Крисметал!$A:$H,7,FALSE),IFERROR(VLOOKUP($A21,[1]Унител!$A:$H,7,FALSE),"")))))) -> 1269.1901 | L21: =G21*K21 -> 1269.1901 | O21: =SUMIF(Модули!$A:$A,Себестойност!A21,Модули!$B:$B)-G21 -> 0
A22: Шпилка, DIN 976, 10.9, Bl., M 16 x 2000 | B22: =IFERROR(VLOOKUP($A22,[1]Други!$A:$H,2,FALSE),IFERROR(VLOOKUP($A22,[1]ИТТ!$A:$H,2,FALSE),IFERROR(VLOOKUP($A22,[1]Schrack!$A:$H,2,FALSE),IFERROR(VLOOKUP($A22,'[1]LD GmbH'!$A:$H,2,FALSE),IFERROR(VLOOKUP($A22,[1]Крисметал!$A:$H,2,FALSE),IFERROR(VLOOKUP($A22,[1]Унител!$A:$H,2,FALSE),"")))))) -> 00975 1000 16 2000 | C22: =IFERROR(VLOOKUP($A22,[1]Други!$A:$H,3,FALSE),IFERROR(VLOOKUP($A22,[1]ИТТ!$A:$H,3,FALSE),IFERROR(VLOOKUP($A22,[1]Schrack!$A:$H,3,FALSE),IFERROR(VLOOKUP($A22,'[1]LD GmbH'!$A:$H,3,FALSE),IFERROR(VLOOKUP($A22,[1]Крисметал!$A:$H,3,FALSE),IFERROR(VLOOKUP($A22,[1]Унител!$A:$H,3,FALSE),"")))))) -> 824.65245 | D22: =IFERROR(VLOOKUP($A22,[1]Други!$A:$H,4,FALSE),IFERROR(VLOOKUP($A22,[1]ИТТ!$A:$H,4,FALSE),IFERROR(VLOOKUP($A22,[1]Schrack!$A:$H,4,FALSE),IFERROR(VLOOKUP($A22,'[1]LD GmbH'!$A:$H,4,FALSE),IFERROR(VLOOKUP($A22,[1]Крисметал!$A:$H,4,FALSE),IFERROR(VLOOKUP($A22,[1]Унител!$A:$H,4,FALSE),"")))))) -> 100 бр. | E22: =IFERROR(VLOOKUP($A22,[1]Други!$A:$H,5,FALSE),IFERROR(VLOOKUP($A22,[1]ИТТ!$A:$H,5,FALSE),IFERROR(VLOOKUP($A22,[1]Schrack!$A:$H,5,FALSE),IFERROR(VLOOKUP($A22,'[1]LD GmbH'!$A:$H,5,FALSE),IFERROR(VLOOKUP($A22,[1]Крисметал!$A:$H,5,FALSE),IFERROR(VLOOKUP($A22,[1]Унител!$A:$H,5,FALSE),"")))))) -> 0 | F22: =IFERROR(VLOOKUP($A22,[1]Други!$A:$H,6,FALSE),IFERROR(VLOOKUP($A22,[1]ИТТ!$A:$H,6,FALSE),IFERROR(VLOOKUP($A22,[1]Schrack!$A:$H,6,FALSE),IFERROR(VLOOKUP($A22,'[1]LD GmbH'!$A:$H,6,FALSE),IFERROR(VLOOKUP($A22,[1]Крисметал!$A:$H,6,FALSE),IFERROR(VLOOKUP($A22,[1]Унител!$A:$H,6,FALSE),"")))))) -> 824.65245 | G22: =IFERROR(SUMIF(Модули!$A:$A,Себестойност!A22,Модули!$B:$B),"") -> 0.04 | H22: =IFERROR(F22*G22,"") -> 32.986098 | I22: =IFERROR(VLOOKUP($A22,[1]Други!$A:$H,8,FALSE),IFERROR(VLOOKUP($A22,[1]ИТТ!$A:$H,8,FALSE),IFERROR(VLOOKUP($A22,[1]Schrack!$A:$H,8,FALSE),IFERROR(VLOOKUP($A22,'[1]LD GmbH'!$A:$H,8,FALSE),IFERROR(VLOOKUP($A22,[1]Крисметал!$A:$H,8,FALSE),IFERROR(VLOOKUP($A22,[1]Унител!$A:$H,8,FALSE),"")))))) -> ИТТ | J22: =IFERROR(VLOOKUP($A22,[1]Други!$A:$I,9,FALSE),IFERROR(VLOOKUP($A22,[1]ИТТ!$A:$I,9,FALSE),IFERROR(VLOOKUP($A22,[1]Schrack!$A:$I,9,FALSE),IFERROR(VLOOKUP($A22,'[1]LD GmbH'!$A:$I,9,FALSE),IFERROR(VLOOKUP($A22,[1]Крисметал!$A:$I,9,FALSE),IFERROR(VLOOKUP($A22,[1]Унител!$A:$I,9,FALSE),"")))))) -> 45642 | K22: =IFERROR(VLOOKUP($A22,[1]Други!$A:$H,7,FALSE),IFERROR(VLOOKUP($A22,[1]ИТТ!$A:$H,7,FALSE),IFERROR(VLOOKUP($A22,[1]Schrack!$A:$H,7,FALSE),IFERROR(VLOOKUP($A22,'[1]LD GmbH'!$A:$H,7,FALSE),IFERROR(VLOOKUP($A22,[1]Крисметал!$A:$H,7,FALSE),IFERROR(VLOOKUP($A22,[1]Унител!$A:$H,7,FALSE),"")))))) -> 989.58294 | L22: =G22*K22 -> 39.583318 | O22: =SUMIF(Модули!$A:$A,Себестойност!A22,Модули!$B:$B)-G22 -> 0
A23: Гайка самоосигурителна, DIN 985, 10, vZn, M16 | B23: =IFERROR(VLOOKUP($A23,[1]Други!$A:$H,2,FALSE),IFERROR(VLOOKUP($A23,[1]ИТТ!$A:$H,2,FALSE),IFERROR(VLOOKUP($A23,[1]Schrack!$A:$H,2,FALSE),IFERROR(VLOOKUP($A23,'[1]LD GmbH'!$A:$H,2,FALSE),IFERROR(VLOOKUP($A23,[1]Крисметал!$A:$H,2,FALSE),IFERROR(VLOOKUP($A23,[1]Унител!$A:$H,2,FALSE),"")))))) -> 00985 1001 16 | C23: =IFERROR(VLOOKUP($A23,[1]Други!$A:$H,3,FALSE),IFERROR(VLOOKUP($A23,[1]ИТТ!$A:$H,3,FALSE),IFERROR(VLOOKUP($A23,[1]Schrack!$A:$H,3,FALSE),IFERROR(VLOOKUP($A23,'[1]LD GmbH'!$A:$H,3,FALSE),IFERROR(VLOOKUP($A23,[1]Крисметал!$A:$H,3,FALSE),IFERROR(VLOOKUP($A23,[1]Унител!$A:$H,3,FALSE),"")))))) -> 37.804922 | D23: =IFERROR(VLOOKUP($A23,[1]Други!$A:$H,4,FALSE),IFERROR(VLOOKUP($A23,[1]ИТТ!$A:$H,4,FALSE),IFERROR(VLOOKUP($A23,[1]Schrack!$A:$H,4,FALSE),IFERROR(VLOOKUP($A23,'[1]LD GmbH'!$A:$H,4,FALSE),IFERROR(VLOOKUP($A23,[1]Крисметал!$A:$H,4,FALSE),IFERROR(VLOOKUP($A23,[1]Унител!$A:$H,4,FALSE),"")))))) -> 100 бр. | E23: =IFERROR(VLOOKUP($A23,[1]Други!$A:$H,5,FALSE),IFERROR(VLOOKUP($A23,[1]ИТТ!$A:$H,5,FALSE),IFERROR(VLOOKUP($A23,[1]Schrack!$A:$H,5,FALSE),IFERROR(VLOOKUP($A23,'[1]LD GmbH'!$A:$H,5,FALSE),IFERROR(VLOOKUP($A23,[1]Крисметал!$A:$H,5,FALSE),IFERROR(VLOOKUP($A23,[1]Унител!$A:$H,5,FALSE),"")))))) -> 0 | F23: =IFERROR(VLOOKUP($A23,[1]Други!$A:$H,6,FALSE),IFERROR(VLOOKUP($A23,[1]ИТТ!$A:$H,6,FALSE),IFERROR(VLOOKUP($A23,[1]Schrack!$A:$H,6,FALSE),IFERROR(VLOOKUP($A23,'[1]LD GmbH'!$A:$H,6,FALSE),IFERROR(VLOOKUP($A23,[1]Крисметал!$A:$H,6,FALSE),IFERROR(VLOOKUP($A23,[1]Унител!$A:$H,6,FALSE),"")))))) -> 37.804922 | G23: =IFERROR(SUMIF(Модули!$A:$A,Себестойност!A23,Модули!$B:$B),"") -> 0.05 | H23: =IFERROR(F23*G23,"") -> 1.8902461 | I23: =IFERROR(VLOOKUP($A23,[1]Други!$A:$H,8,FALSE),IFERROR(VLOOKUP($A23,[1]ИТТ!$A:$H,8,FALSE),IFERROR(VLOOKUP($A23,[1]Schrack!$A:$H,8,FALSE),IFERROR(VLOOKUP($A23,'[1]LD GmbH'!$A:$H,8,FALSE),IFERROR(VLOOKUP($A23,[1]Крисметал!$A:$H,8,FALSE),IFERROR(VLOOKUP($A23,[1]Унител!$A:$H,8,FALSE),"")))))) -> ИТТ | J23: =IFERROR(VLOOKUP($A23,[1]Други!$A:$I,9,FALSE),IFERROR(VLOOKUP($A23,[1]ИТТ!$A:$I,9,FALSE),IFERROR(VLOOKUP($A23,[1]Schrack!$A:$I,9,FALSE),IFERROR(VLOOKUP($A23,'[1]LD GmbH'!$A:$I,9,FALSE),IFERROR(VLOOKUP($A23,[1]Крисметал!$A:$I,9,FALSE),IFERROR(VLOOKUP($A23,[1]Унител!$A:$I,9,FALSE),"")))))) -> 45642 | K23: =IFERROR(VLOOKUP($A23,[1]Други!$A:$H,7,FALSE),IFERROR(VLOOKUP($A23,[1]ИТТ!$A:$H,7,FALSE),IFERROR(VLOOKUP($A23,[1]Schrack!$A:$H,7,FALSE),IFERROR(VLOOKUP($A23,'[1]LD GmbH'!$A:$H,7,FALSE),IFERROR(VLOOKUP($A23,[1]Крисметал!$A:$H,7,FALSE),IFERROR(VLOOKUP($A23,[1]Унител!$A:$H,7,FALSE),"")))))) -> 45.365906 | L23: =G23*K23 -> 2.2682953 | O23: =SUMIF(Модули!$A:$A,Себестойност!A23,Модули!$B:$B)-G23 -> 0
A24: Болт за дърво, Din 571, vZn, ф8 х 100 | B24: =IFERROR(VLOOKUP($A24,[1]Други!$A:$H,2,FALSE),IFERROR(VLOOKUP($A24,[1]ИТТ!$A:$H,2,FALSE),IFERROR(VLOOKUP($A24,[1]Schrack!$A:$H,2,FALSE),IFERROR(VLOOKUP($A24,'[1]LD GmbH'!$A:$H,2,FALSE),IFERROR(VLOOKUP($A24,[1]Крисметал!$A:$H,2,FALSE),IFERROR(VLOOKUP($A24,[1]Унител!$A:$H,2,FALSE),"")))))) -> 00571 0001 8 100 | C24: =IFERROR(VLOOKUP($A24,[1]Други!$A:$H,3,FALSE),IFERROR(VLOOKUP($A24,[1]ИТТ!$A:$H,3,FALSE),IFERROR(VLOOKUP($A24,[1]Schrack!$A:$H,3,FALSE),IFERROR(VLOOKUP($A24,'[1]LD GmbH'!$A:$H,3,FALSE),IFERROR(VLOOKUP($A24,[1]Крисметал!$A:$H,3,FALSE),IFERROR(VLOOKUP($A24,[1]Унител!$A:$H,3,FALSE),"")))))) -> 0.09 | D24: =IFERROR(VLOOKUP($A24,[1]Други!$A:$H,4,FALSE),IFERROR(VLOOKUP($A24,[1]ИТТ!$A:$H,4,FALSE),IFERROR(VLOOKUP($A24,[1]Schrack!$A:$H,4,FALSE),IFERROR(VLOOKUP($A24,'[1]LD GmbH'!$A:$H,4,FALSE),IFERROR(VLOOKUP($A24,[1]Крисметал!$A:$H,4,FALSE),IFERROR(VLOOKUP($A24,[1]Унител!$A:$H,4,FALSE),"")))))) -> бр. | E24: =IFERROR(VLOOKUP($A24,[1]Други!$A:$H,5,FALSE),IFERROR(VLOOKUP($A24,[1]ИТТ!$A:$H,5,FALSE),IFERROR(VLOOKUP($A24,[1]Schrack!$A:$H,5,FALSE),IFERROR(VLOOKUP($A24,'[1]LD GmbH'!$A:$H,5,FALSE),IFERROR(VLOOKUP($A24,[1]Крисметал!$A:$H,5,FALSE),IFERROR(VLOOKUP($A24,[1]Унител!$A:$H,5,FALSE),"")))))) -> 0 | F24: =IFERROR(VLOOKUP($A24,[1]Други!$A:$H,6,FALSE),IFERROR(VLOOKUP($A24,[1]ИТТ!$A:$H,6,FALSE),IFERROR(VLOOKUP($A24,[1]Schrack!$A:$H,6,FALSE),IFERROR(VLOOKUP($A24,'[1]LD GmbH'!$A:$H,6,FALSE),IFERROR(VLOOKUP($A24,[1]Крисметал!$A:$H,6,FALSE),IFERROR(VLOOKUP($A24,[1]Унител!$A:$H,6,FALSE),"")))))) -> 0.09 | G24: =IFERROR(SUMIF(Модули!$A:$A,Себестойност!A24,Модули!$B:$B),"") -> 0.12 | H24: =IFERROR(F24*G24,"") -> 0.0108 | I24: =IFERROR(VLOOKUP($A24,[1]Други!$A:$H,8,FALSE),IFERROR(VLOOKUP($A24,[1]ИТТ!$A:$H,8,FALSE),IFERROR(VLOOKUP($A24,[1]Schrack!$A:$H,8,FALSE),IFERROR(VLOOKUP($A24,'[1]LD GmbH'!$A:$H,8,FALSE),IFERROR(VLOOKUP($A24,[1]Крисметал!$A:$H,8,FALSE),IFERROR(VLOOKUP($A24,[1]Унител!$A:$H,8,FALSE),"")))))) -> ИТТ | J24: =IFERROR(VLOOKUP($A24,[1]Други!$A:$I,9,FALSE),IFERROR(VLOOKUP($A24,[1]ИТТ!$A:$I,9,FALSE),IFERROR(VLOOKUP($A24,[1]Schrack!$A:$I,9,FALSE),IFERROR(VLOOKUP($A24,'[1]LD GmbH'!$A:$I,9,FALSE),IFERROR(VLOOKUP($A24,[1]Крисметал!$A:$I,9,FALSE),IFERROR(VLOOKUP($A24,[1]Унител!$A:$I,9,FALSE),"")))))) -> 0 | K24: =IFERROR(VLOOKUP($A24,[1]Други!$A:$H,7,FALSE),IFERROR(VLOOKUP($A24,[1]ИТТ!$A:$H,7,FALSE),IFERROR(VLOOKUP($A24,[1]Schrack!$A:$H,7,FALSE),IFERROR(VLOOKUP($A24,'[1]LD GmbH'!$A:$H,7,FALSE),IFERROR(VLOOKUP($A24,[1]Крисметал!$A:$H,7,FALSE),IFERROR(VLOOKUP($A24,[1]Унител!$A:$H,7,FALSE),"")))))) -> 0.108 | L24: =G24*K24 -> 0.01296 | O24: =SUMIF(Модули!$A:$A,Себестойност!A24,Модули!$B:$B)-G24 -> 0
A25: УСЛУГИ
A26: Транспорт ДУНАВ-СВ (Притискаща плоча) | B26: =IFERROR(VLOOKUP($A26,[1]Други!$A:$H,2,FALSE),IFERROR(VLOOKUP($A26,[1]ИТТ!$A:$H,2,FALSE),IFERROR(VLOOKUP($A26,[1]Schrack!$A:$H,2,FALSE),IFERROR(VLOOKUP($A26,'[1]LD GmbH'!$A:$H,2,FALSE),IFERROR(VLOOKUP($A26,[1]Крисметал!$A:$H,2,FALSE),IFERROR(VLOOKUP($A26,[1]Унител!$A:$H,2,FALSE),"")))))) -> 080155 | C26: =IFERROR(VLOOKUP($A26,[1]Други!$A:$H,3,FALSE),IFERROR(VLOOKUP($A26,[1]ИТТ!$A:$H,3,FALSE),IFERROR(VLOOKUP($A26,[1]Schrack!$A:$H,3,FALSE),IFERROR(VLOOKUP($A26,'[1]LD GmbH'!$A:$H,3,FALSE),IFERROR(VLOOKUP($A26,[1]Крисметал!$A:$H,3,FALSE),IFERROR(VLOOKUP($A26,[1]Унител!$A:$H,3,FALSE),"")))))) -> 102.25838 | D26: =IFERROR(VLOOKUP($A26,[1]Други!$A:$H,4,FALSE),IFERROR(VLOOKUP($A26,[1]ИТТ!$A:$H,4,FALSE),IFERROR(VLOOKUP($A26,[1]Schrack!$A:$H,4,FALSE),IFERROR(VLOOKUP($A26,'[1]LD GmbH'!$A:$H,4,FALSE),IFERROR(VLOOKUP($A26,[1]Крисметал!$A:$H,4,FALSE),IFERROR(VLOOKUP($A26,[1]Унител!$A:$H,4,FALSE),"")))))) -> бр. | E26: =IFERROR(VLOOKUP($A26,[1]Други!$A:$H,5,FALSE),IFERROR(VLOOKUP($A26,[1]ИТТ!$A:$H,5,FALSE),IFERROR(VLOOKUP($A26,[1]Schrack!$A:$H,5,FALSE),IFERROR(VLOOKUP($A26,'[1]LD GmbH'!$A:$H,5,FALSE),IFERROR(VLOOKUP($A26,[1]Крисметал!$A:$H,5,FALSE),IFERROR(VLOOKUP($A26,[1]Унител!$A:$H,5,FALSE),"")))))) -> 0 | F26: =IFERROR(VLOOKUP($A26,[1]Други!$A:$H,6,FALSE),IFERROR(VLOOKUP($A26,[1]ИТТ!$A:$H,6,FALSE),IFERROR(VLOOKUP($A26,[1]Schrack!$A:$H,6,FALSE),IFERROR(VLOOKUP($A26,'[1]LD GmbH'!$A:$H,6,FALSE),IFERROR(VLOOKUP($A26,[1]Крисметал!$A:$H,6,FALSE),IFERROR(VLOOKUP($A26,[1]Унител!$A:$H,6,FALSE),"")))))) -> 102.25838 | G26: =IFERROR(SUMIF(Модули!$A:$A,Себестойност!A26,Модули!$B:$B),"") -> 1 | H26: =IFERROR(F26*G26,"") -> 102.25838 | I26: =IFERROR(VLOOKUP($A26,[1]Други!$A:$H,8,FALSE),IFERROR(VLOOKUP($A26,[1]ИТТ!$A:$H,8,FALSE),IFERROR(VLOOKUP($A26,[1]Schrack!$A:$H,8,FALSE),IFERROR(VLOOKUP($A26,'[1]LD GmbH'!$A:$H,8,FALSE),IFERROR(VLOOKUP($A26,[1]Крисметал!$A:$H,8,FALSE),IFERROR(VLOOKUP($A26,[1]Унител!$A:$H,8,FALSE),"")))))) -> ДУНОВ-СВ | J26: =IFERROR(VLOOKUP($A26,[1]Други!$A:$I,9,FALSE),IFERROR(VLOOKUP($A26,[1]ИТТ!$A:$I,9,FALSE),IFERROR(VLOOKUP($A26,[1]Schrack!$A:$I,9,FALSE),IFERROR(VLOOKUP($A26,'[1]LD GmbH'!$A:$I,9,FALSE),IFERROR(VLOOKUP($A26,[1]Крисметал!$A:$I,9,FALSE),IFERROR(VLOOKUP($A26,[1]Унител!$A:$I,9,FALSE),"")))))) -> 45315 | K26: =IFERROR(VLOOKUP($A26,[1]Други!$A:$H,7,FALSE),IFERROR(VLOOKUP($A26,[1]ИТТ!$A:$H,7,FALSE),IFERROR(VLOOKUP($A26,[1]Schrack!$A:$H,7,FALSE),IFERROR(VLOOKUP($A26,'[1]LD GmbH'!$A:$H,7,FALSE),IFERROR(VLOOKUP($A26,[1]Крисметал!$A:$H,7,FALSE),IFERROR(VLOOKUP($A26,[1]Унител!$A:$H,7,FALSE),"")))))) -> 122.71005 | L26: =G26*K26 -> 122.71005 | O26: =SUMIF(Модули!$A:$A,Себестойност!A26,Модули!$B:$B)-G26 -> 0
A27: ВОДНО Рязане метал (Притискаща плоча 100mm) | B27: =IFERROR(VLOOKUP($A27,[1]Други!$A:$H,2,FALSE),IFERROR(VLOOKUP($A27,[1]ИТТ!$A:$H,2,FALSE),IFERROR(VLOOKUP($A27,[1]Schrack!$A:$H,2,FALSE),IFERROR(VLOOKUP($A27,'[1]LD GmbH'!$A:$H,2,FALSE),IFERROR(VLOOKUP($A27,[1]Крисметал!$A:$H,2,FALSE),IFERROR(VLOOKUP($A27,[1]Унител!$A:$H,2,FALSE),"")))))) -> - | C27: =IFERROR(VLOOKUP($A27,[1]Други!$A:$H,3,FALSE),IFERROR(VLOOKUP($A27,[1]ИТТ!$A:$H,3,FALSE),IFERROR(VLOOKUP($A27,[1]Schrack!$A:$H,3,FALSE),IFERROR(VLOOKUP($A27,'[1]LD GmbH'!$A:$H,3,FALSE),IFERROR(VLOOKUP($A27,[1]Крисметал!$A:$H,3,FALSE),IFERROR(VLOOKUP($A27,[1]Унител!$A:$H,3,FALSE),"")))))) -> 2556.4594 | D27: =IFERROR(VLOOKUP($A27,[1]Други!$A:$H,4,FALSE),IFERROR(VLOOKUP($A27,[1]ИТТ!$A:$H,4,FALSE),IFERROR(VLOOKUP($A27,[1]Schrack!$A:$H,4,FALSE),IFERROR(VLOOKUP($A27,'[1]LD GmbH'!$A:$H,4,FALSE),IFERROR(VLOOKUP($A27,[1]Крисметал!$A:$H,4,FALSE),IFERROR(VLOOKUP($A27,[1]Унител!$A:$H,4,FALSE),"")))))) -> бр. | E27: =IFERROR(VLOOKUP($A27,[1]Други!$A:$H,5,FALSE),IFERROR(VLOOKUP($A27,[1]ИТТ!$A:$H,5,FALSE),IFERROR(VLOOKUP($A27,[1]Schrack!$A:$H,5,FALSE),IFERROR(VLOOKUP($A27,'[1]LD GmbH'!$A:$H,5,FALSE),IFERROR(VLOOKUP($A27,[1]Крисметал!$A:$H,5,FALSE),IFERROR(VLOOKUP($A27,[1]Унител!$A:$H,5,FALSE),"")))))) -> 0 | F27: =IFERROR(VLOOKUP($A27,[1]Други!$A:$H,6,FALSE),IFERROR(VLOOKUP($A27,[1]ИТТ!$A:$H,6,FALSE),IFERROR(VLOOKUP($A27,[1]Schrack!$A:$H,6,FALSE),IFERROR(VLOOKUP($A27,'[1]LD GmbH'!$A:$H,6,FALSE),IFERROR(VLOOKUP($A27,[1]Крисметал!$A:$H,6,FALSE),IFERROR(VLOOKUP($A27,[1]Унител!$A:$H,6,FALSE),"")))))) -> 2556.4594 | G27: =IFERROR(SUMIF(Модули!$A:$A,Себестойност!A27,Модули!$B:$B),"") -> 2 | H27: =IFERROR(F27*G27,"") -> 5112.9188 | I27: =IFERROR(VLOOKUP($A27,[1]Други!$A:$H,8,FALSE),IFERROR(VLOOKUP($A27,[1]ИТТ!$A:$H,8,FALSE),IFERROR(VLOOKUP($A27,[1]Schrack!$A:$H,8,FALSE),IFERROR(VLOOKUP($A27,'[1]LD GmbH'!$A:$H,8,FALSE),IFERROR(VLOOKUP($A27,[1]Крисметал!$A:$H,8,FALSE),IFERROR(VLOOKUP($A27,[1]Унител!$A:$H,8,FALSE),"")))))) -> Джусита-ДЕС | J27: =IFERROR(VLOOKUP($A27,[1]Други!$A:$I,9,FALSE),IFERROR(VLOOKUP($A27,[1]ИТТ!$A:$I,9,FALSE),IFERROR(VLOOKUP($A27,[1]Schrack!$A:$I,9,FALSE),IFERROR(VLOOKUP($A27,'[1]LD GmbH'!$A:$I,9,FALSE),IFERROR(VLOOKUP($A27,[1]Крисметал!$A:$I,9,FALSE),IFERROR(VLOOKUP($A27,[1]Унител!$A:$I,9,FALSE),"")))))) -> 45642 | K27: =IFERROR(VLOOKUP($A27,[1]Други!$A:$H,7,FALSE),IFERROR(VLOOKUP($A27,[1]ИТТ!$A:$H,7,FALSE),IFERROR(VLOOKUP($A27,[1]Schrack!$A:$H,7,FALSE),IFERROR(VLOOKUP($A27,'[1]LD GmbH'!$A:$H,7,FALSE),IFERROR(VLOOKUP($A27,[1]Крисметал!$A:$H,7,FALSE),IFERROR(VLOOKUP($A27,[1]Унител!$A:$H,7,FALSE),"")))))) -> 3067.7513 | L27: =G27*K27 -> 6135.5026 | O27: =SUMIF(Модули!$A:$A,Себестойност!A27,Модули!$B:$B)-G27 -> 0
A28: Обработка на полиамид | B28: =IFERROR(VLOOKUP($A28,[1]Други!$A:$H,2,FALSE),IFERROR(VLOOKUP($A28,[1]ИТТ!$A:$H,2,FALSE),IFERROR(VLOOKUP($A28,[1]Schrack!$A:$H,2,FALSE),IFERROR(VLOOKUP($A28,'[1]LD GmbH'!$A:$H,2,FALSE),IFERROR(VLOOKUP($A28,[1]Крисметал!$A:$H,2,FALSE),IFERROR(VLOOKUP($A28,[1]Унител!$A:$H,2,FALSE),"")))))) -> - | C28: =IFERROR(VLOOKUP($A28,[1]Други!$A:$H,3,FALSE),IFERROR(VLOOKUP($A28,[1]ИТТ!$A:$H,3,FALSE),IFERROR(VLOOKUP($A28,[1]Schrack!$A:$H,3,FALSE),IFERROR(VLOOKUP($A28,'[1]LD GmbH'!$A:$H,3,FALSE),IFERROR(VLOOKUP($A28,[1]Крисметал!$A:$H,3,FALSE),IFERROR(VLOOKUP($A28,[1]Унител!$A:$H,3,FALSE),"")))))) -> 255.65 | D28: =IFERROR(VLOOKUP($A28,[1]Други!$A:$H,4,FALSE),IFERROR(VLOOKUP($A28,[1]ИТТ!$A:$H,4,FALSE),IFERROR(VLOOKUP($A28,[1]Schrack!$A:$H,4,FALSE),IFERROR(VLOOKUP($A28,'[1]LD GmbH'!$A:$H,4,FALSE),IFERROR(VLOOKUP($A28,[1]Крисметал!$A:$H,4,FALSE),IFERROR(VLOOKUP($A28,[1]Унител!$A:$H,4,FALSE),"")))))) -> бр. | E28: =IFERROR(VLOOKUP($A28,[1]Други!$A:$H,5,FALSE),IFERROR(VLOOKUP($A28,[1]ИТТ!$A:$H,5,FALSE),IFERROR(VLOOKUP($A28,[1]Schrack!$A:$H,5,FALSE),IFERROR(VLOOKUP($A28,'[1]LD GmbH'!$A:$H,5,FALSE),IFERROR(VLOOKUP($A28,[1]Крисметал!$A:$H,5,FALSE),IFERROR(VLOOKUP($A28,[1]Унител!$A:$H,5,FALSE),"")))))) -> 0 | F28: =IFERROR(VLOOKUP($A28,[1]Други!$A:$H,6,FALSE),IFERROR(VLOOKUP($A28,[1]ИТТ!$A:$H,6,FALSE),IFERROR(VLOOKUP($A28,[1]Schrack!$A:$H,6,FALSE),IFERROR(VLOOKUP($A28,'[1]LD GmbH'!$A:$H,6,FALSE),IFERROR(VLOOKUP($A28,[1]Крисметал!$A:$H,6,FALSE),IFERROR(VLOOKUP($A28,[1]Унител!$A:$H,6,FALSE),"")))))) -> 255.65 | G28: =IFERROR(SUMIF(Модули!$A:$A,Себестойност!A28,Модули!$B:$B),"") -> 1 | H28: =IFERROR(F28*G28,"") -> 255.65 | I28: =IFERROR(VLOOKUP($A28,[1]Други!$A:$H,8,FALSE),IFERROR(VLOOKUP($A28,[1]ИТТ!$A:$H,8,FALSE),IFERROR(VLOOKUP($A28,[1]Schrack!$A:$H,8,FALSE),IFERROR(VLOOKUP($A28,'[1]LD GmbH'!$A:$H,8,FALSE),IFERROR(VLOOKUP($A28,[1]Крисметал!$A:$H,8,FALSE),IFERROR(VLOOKUP($A28,[1]Унител!$A:$H,8,FALSE),"")))))) -> - | J28: =IFERROR(VLOOKUP($A28,[1]Други!$A:$I,9,FALSE),IFERROR(VLOOKUP($A28,[1]ИТТ!$A:$I,9,FALSE),IFERROR(VLOOKUP($A28,[1]Schrack!$A:$I,9,FALSE),IFERROR(VLOOKUP($A28,'[1]LD GmbH'!$A:$I,9,FALSE),IFERROR(VLOOKUP($A28,[1]Крисметал!$A:$I,9,FALSE),IFERROR(VLOOKUP($A28,[1]Унител!$A:$I,9,FALSE),"")))))) -> - | K28: =IFERROR(VLOOKUP($A28,[1]Други!$A:$H,7,FALSE),IFERROR(VLOOKUP($A28,[1]ИТТ!$A:$H,7,FALSE),IFERROR(VLOOKUP($A28,[1]Schrack!$A:$H,7,FALSE),IFERROR(VLOOKUP($A28,'[1]LD GmbH'!$A:$H,7,FALSE),IFERROR(VLOOKUP($A28,[1]Крисметал!$A:$H,7,FALSE),IFERROR(VLOOKUP($A28,[1]Унител!$A:$H,7,FALSE),"")))))) -> 306.78 | L28: =G28*K28 -> 306.78 | O28: =SUMIF(Модули!$A:$A,Себестойност!A28,Модули!$B:$B)-G28 -> 0
A29: Опаковка (Филипекс) (за 2 палета с листа) | B29: =IFERROR(VLOOKUP($A29,[1]Други!$A:$H,2,FALSE),IFERROR(VLOOKUP($A29,[1]ИТТ!$A:$H,2,FALSE),IFERROR(VLOOKUP($A29,[1]Schrack!$A:$H,2,FALSE),IFERROR(VLOOKUP($A29,'[1]LD GmbH'!$A:$H,2,FALSE),IFERROR(VLOOKUP($A29,[1]Крисметал!$A:$H,2,FALSE),IFERROR(VLOOKUP($A29,[1]Унител!$A:$H,2,FALSE),"")))))) -> 15000 | C29: =IFERROR(VLOOKUP($A29,[1]Други!$A:$H,3,FALSE),IFERROR(VLOOKUP($A29,[1]ИТТ!$A:$H,3,FALSE),IFERROR(VLOOKUP($A29,[1]Schrack!$A:$H,3,FALSE),IFERROR(VLOOKUP($A29,'[1]LD GmbH'!$A:$H,3,FALSE),IFERROR(VLOOKUP($A29,[1]Крисметал!$A:$H,3,FALSE),IFERROR(VLOOKUP($A29,[1]Унител!$A:$H,3,FALSE),"")))))) -> 40.9 | D29: =IFERROR(VLOOKUP($A29,[1]Други!$A:$H,4,FALSE),IFERROR(VLOOKUP($A29,[1]ИТТ!$A:$H,4,FALSE),IFERROR(VLOOKUP($A29,[1]Schrack!$A:$H,4,FALSE),IFERROR(VLOOKUP($A29,'[1]LD GmbH'!$A:$H,4,FALSE),IFERROR(VLOOKUP($A29,[1]Крисметал!$A:$H,4,FALSE),IFERROR(VLOOKUP($A29,[1]Унител!$A:$H,4,FALSE),"")))))) -> бр. | E29: =IFERROR(VLOOKUP($A29,[1]Други!$A:$H,5,FALSE),IFERROR(VLOOKUP($A29,[1]ИТТ!$A:$H,5,FALSE),IFERROR(VLOOKUP($A29,[1]Schrack!$A:$H,5,FALSE),IFERROR(VLOOKUP($A29,'[1]LD GmbH'!$A:$H,5,FALSE),IFERROR(VLOOKUP($A29,[1]Крисметал!$A:$H,5,FALSE),IFERROR(VLOOKUP($A29,[1]Унител!$A:$H,5,FALSE),"")))))) -> 0 | F29: =IFERROR(VLOOKUP($A29,[1]Други!$A:$H,6,FALSE),IFERROR(VLOOKUP($A29,[1]ИТТ!$A:$H,6,FALSE),IFERROR(VLOOKUP($A29,[1]Schrack!$A:$H,6,FALSE),IFERROR(VLOOKUP($A29,'[1]LD GmbH'!$A:$H,6,FALSE),IFERROR(VLOOKUP($A29,[1]Крисметал!$A:$H,6,FALSE),IFERROR(VLOOKUP($A29,[1]Унител!$A:$H,6,FALSE),"")))))) -> 40.9 | G29: =IFERROR(SUMIF(Модули!$A:$A,Себестойност!A29,Модули!$B:$B),"") -> 1 | H29: =IFERROR(F29*G29,"") -> 40.9 | I29: =IFERROR(VLOOKUP($A29,[1]Други!$A:$H,8,FALSE),IFERROR(VLOOKUP($A29,[1]ИТТ!$A:$H,8,FALSE),IFERROR(VLOOKUP($A29,[1]Schrack!$A:$H,8,FALSE),IFERROR(VLOOKUP($A29,'[1]LD GmbH'!$A:$H,8,FALSE),IFERROR(VLOOKUP($A29,[1]Крисметал!$A:$H,8,FALSE),IFERROR(VLOOKUP($A29,[1]Унител!$A:$H,8,FALSE),"")))))) -> Филипекс | J29: =IFERROR(VLOOKUP($A29,[1]Други!$A:$I,9,FALSE),IFERROR(VLOOKUP($A29,[1]ИТТ!$A:$I,9,FALSE),IFERROR(VLOOKUP($A29,[1]Schrack!$A:$I,9,FALSE),IFERROR(VLOOKUP($A29,'[1]LD GmbH'!$A:$I,9,FALSE),IFERROR(VLOOKUP($A29,[1]Крисметал!$A:$I,9,FALSE),IFERROR(VLOOKUP($A29,[1]Унител!$A:$I,9,FALSE),"")))))) -> 45882 | K29: =IFERROR(VLOOKUP($A29,[1]Други!$A:$H,7,FALSE),IFERROR(VLOOKUP($A29,[1]ИТТ!$A:$H,7,FALSE),IFERROR(VLOOKUP($A29,[1]Schrack!$A:$H,7,FALSE),IFERROR(VLOOKUP($A29,'[1]LD GmbH'!$A:$H,7,FALSE),IFERROR(VLOOKUP($A29,[1]Крисметал!$A:$H,7,FALSE),IFERROR(VLOOKUP($A29,[1]Унител!$A:$H,7,FALSE),"")))))) -> 49.08 | L29: =G29*K29 -> 49.08 | O29: =SUMIF(Модули!$A:$A,Себестойност!A29,Модули!$B:$B)-G29 -> 0
A30: Транспорт (Филипекс) | B30: =IFERROR(VLOOKUP($A30,[1]Други!$A:$H,2,FALSE),IFERROR(VLOOKUP($A30,[1]ИТТ!$A:$H,2,FALSE),IFERROR(VLOOKUP($A30,[1]Schrack!$A:$H,2,FALSE),IFERROR(VLOOKUP($A30,'[1]LD GmbH'!$A:$H,2,FALSE),IFERROR(VLOOKUP($A30,[1]Крисметал!$A:$H,2,FALSE),IFERROR(VLOOKUP($A30,[1]Унител!$A:$H,2,FALSE),"")))))) -> - | C30: =IFERROR(VLOOKUP($A30,[1]Други!$A:$H,3,FALSE),IFERROR(VLOOKUP($A30,[1]ИТТ!$A:$H,3,FALSE),IFERROR(VLOOKUP($A30,[1]Schrack!$A:$H,3,FALSE),IFERROR(VLOOKUP($A30,'[1]LD GmbH'!$A:$H,3,FALSE),IFERROR(VLOOKUP($A30,[1]Крисметал!$A:$H,3,FALSE),IFERROR(VLOOKUP($A30,[1]Унител!$A:$H,3,FALSE),"")))))) -> 127.82 | D30: =IFERROR(VLOOKUP($A30,[1]Други!$A:$H,4,FALSE),IFERROR(VLOOKUP($A30,[1]ИТТ!$A:$H,4,FALSE),IFERROR(VLOOKUP($A30,[1]Schrack!$A:$H,4,FALSE),IFERROR(VLOOKUP($A30,'[1]LD GmbH'!$A:$H,4,FALSE),IFERROR(VLOOKUP($A30,[1]Крисметал!$A:$H,4,FALSE),IFERROR(VLOOKUP($A30,[1]Унител!$A:$H,4,FALSE),"")))))) -> бр. | E30: =IFERROR(VLOOKUP($A30,[1]Други!$A:$H,5,FALSE),IFERROR(VLOOKUP($A30,[1]ИТТ!$A:$H,5,FALSE),IFERROR(VLOOKUP($A30,[1]Schrack!$A:$H,5,FALSE),IFERROR(VLOOKUP($A30,'[1]LD GmbH'!$A:$H,5,FALSE),IFERROR(VLOOKUP($A30,[1]Крисметал!$A:$H,5,FALSE),IFERROR(VLOOKUP($A30,[1]Унител!$A:$H,5,FALSE),"")))))) -> 0 | F30: =IFERROR(VLOOKUP($A30,[1]Други!$A:$H,6,FALSE),IFERROR(VLOOKUP($A30,[1]ИТТ!$A:$H,6,FALSE),IFERROR(VLOOKUP($A30,[1]Schrack!$A:$H,6,FALSE),IFERROR(VLOOKUP($A30,'[1]LD GmbH'!$A:$H,6,FALSE),IFERROR(VLOOKUP($A30,[1]Крисметал!$A:$H,6,FALSE),IFERROR(VLOOKUP($A30,[1]Унител!$A:$H,6,FALSE),"")))))) -> 127.82 | G30: =IFERROR(SUMIF(Модули!$A:$A,Себестойност!A30,Модули!$B:$B),"") -> 1 | H30: =IFERROR(F30*G30,"") -> 127.82 | I30: =IFERROR(VLOOKUP($A30,[1]Други!$A:$H,8,FALSE),IFERROR(VLOOKUP($A30,[1]ИТТ!$A:$H,8,FALSE),IFERROR(VLOOKUP($A30,[1]Schrack!$A:$H,8,FALSE),IFERROR(VLOOKUP($A30,'[1]LD GmbH'!$A:$H,8,FALSE),IFERROR(VLOOKUP($A30,[1]Крисметал!$A:$H,8,FALSE),IFERROR(VLOOKUP($A30,[1]Унител!$A:$H,8,FALSE),"")))))) -> Филипекс | J30: =IFERROR(VLOOKUP($A30,[1]Други!$A:$I,9,FALSE),IFERROR(VLOOKUP($A30,[1]ИТТ!$A:$I,9,FALSE),IFERROR(VLOOKUP($A30,[1]Schrack!$A:$I,9,FALSE),IFERROR(VLOOKUP($A30,'[1]LD GmbH'!$A:$I,9,FALSE),IFERROR(VLOOKUP($A30,[1]Крисметал!$A:$I,9,FALSE),IFERROR(VLOOKUP($A30,[1]Унител!$A:$I,9,FALSE),"")))))) -> 45846 | K30: =IFERROR(VLOOKUP($A30,[1]Други!$A:$H,7,FALSE),IFERROR(VLOOKUP($A30,[1]ИТТ!$A:$H,7,FALSE),IFERROR(VLOOKUP($A30,[1]Schrack!$A:$H,7,FALSE),IFERROR(VLOOKUP($A30,'[1]LD GmbH'!$A:$H,7,FALSE),IFERROR(VLOOKUP($A30,[1]Крисметал!$A:$H,7,FALSE),IFERROR(VLOOKUP($A30,[1]Унител!$A:$H,7,FALSE),"")))))) -> 153.384 | L30: =G30*K30 -> 153.384 | O30: =SUMIF(Модули!$A:$A,Себестойност!A30,Модули!$B:$B)-G30 -> 0
A31: Лазерно рязане (Патлиджански 500kW) | B31: =IFERROR(VLOOKUP($A31,[1]Други!$A:$H,2,FALSE),IFERROR(VLOOKUP($A31,[1]ИТТ!$A:$H,2,FALSE),IFERROR(VLOOKUP($A31,[1]Schrack!$A:$H,2,FALSE),IFERROR(VLOOKUP($A31,'[1]LD GmbH'!$A:$H,2,FALSE),IFERROR(VLOOKUP($A31,[1]Крисметал!$A:$H,2,FALSE),IFERROR(VLOOKUP($A31,[1]Унител!$A:$H,2,FALSE),"")))))) -> - | C31: =IFERROR(VLOOKUP($A31,[1]Други!$A:$H,3,FALSE),IFERROR(VLOOKUP($A31,[1]ИТТ!$A:$H,3,FALSE),IFERROR(VLOOKUP($A31,[1]Schrack!$A:$H,3,FALSE),IFERROR(VLOOKUP($A31,'[1]LD GmbH'!$A:$H,3,FALSE),IFERROR(VLOOKUP($A31,[1]Крисметал!$A:$H,3,FALSE),IFERROR(VLOOKUP($A31,[1]Унител!$A:$H,3,FALSE),"")))))) -> 3000 | D31: =IFERROR(VLOOKUP($A31,[1]Други!$A:$H,4,FALSE),IFERROR(VLOOKUP($A31,[1]ИТТ!$A:$H,4,FALSE),IFERROR(VLOOKUP($A31,[1]Schrack!$A:$H,4,FALSE),IFERROR(VLOOKUP($A31,'[1]LD GmbH'!$A:$H,4,FALSE),IFERROR(VLOOKUP($A31,[1]Крисметал!$A:$H,4,FALSE),IFERROR(VLOOKUP($A31,[1]Унител!$A:$H,4,FALSE),"")))))) -> бр. | E31: =IFERROR(VLOOKUP($A31,[1]Други!$A:$H,5,FALSE),IFERROR(VLOOKUP($A31,[1]ИТТ!$A:$H,5,FALSE),IFERROR(VLOOKUP($A31,[1]Schrack!$A:$H,5,FALSE),IFERROR(VLOOKUP($A31,'[1]LD GmbH'!$A:$H,5,FALSE),IFERROR(VLOOKUP($A31,[1]Крисметал!$A:$H,5,FALSE),IFERROR(VLOOKUP($A31,[1]Унител!$A:$H,5,FALSE),"")))))) -> 0 | F31: =IFERROR(VLOOKUP($A31,[1]Други!$A:$H,6,FALSE),IFERROR(VLOOKUP($A31,[1]ИТТ!$A:$H,6,FALSE),IFERROR(VLOOKUP($A31,[1]Schrack!$A:$H,6,FALSE),IFERROR(VLOOKUP($A31,'[1]LD GmbH'!$A:$H,6,FALSE),IFERROR(VLOOKUP($A31,[1]Крисметал!$A:$H,6,FALSE),IFERROR(VLOOKUP($A31,[1]Унител!$A:$H,6,FALSE),"")))))) -> 3000 | G31: =IFERROR(SUMIF(Модули!$A:$A,Себестойност!A31,Модули!$B:$B),"") -> 1 | H31: =IFERROR(F31*G31,"") -> 3000 | I31: =IFERROR(VLOOKUP($A31,[1]Други!$A:$H,8,FALSE),IFERROR(VLOOKUP($A31,[1]ИТТ!$A:$H,8,FALSE),IFERROR(VLOOKUP($A31,[1]Schrack!$A:$H,8,FALSE),IFERROR(VLOOKUP($A31,'[1]LD GmbH'!$A:$H,8,FALSE),IFERROR(VLOOKUP($A31,[1]Крисметал!$A:$H,8,FALSE),IFERROR(VLOOKUP($A31,[1]Унител!$A:$H,8,FALSE),"")))))) -> Патлиджански | J31: =IFERROR(VLOOKUP($A31,[1]Други!$A:$I,9,FALSE),IFERROR(VLOOKUP($A31,[1]ИТТ!$A:$I,9,FALSE),IFERROR(VLOOKUP($A31,[1]Schrack!$A:$I,9,FALSE),IFERROR(VLOOKUP($A31,'[1]LD GmbH'!$A:$I,9,FALSE),IFERROR(VLOOKUP($A31,[1]Крисметал!$A:$I,9,FALSE),IFERROR(VLOOKUP($A31,[1]Унител!$A:$I,9,FALSE),"")))))) -> 0 | K31: =IFERROR(VLOOKUP($A31,[1]Други!$A:$H,7,FALSE),IFERROR(VLOOKUP($A31,[1]ИТТ!$A:$H,7,FALSE),IFERROR(VLOOKUP($A31,[1]Schrack!$A:$H,7,FALSE),IFERROR(VLOOKUP($A31,'[1]LD GmbH'!$A:$H,7,FALSE),IFERROR(VLOOKUP($A31,[1]Крисметал!$A:$H,7,FALSE),IFERROR(VLOOKUP($A31,[1]Унител!$A:$H,7,FALSE),"")))))) -> 3600 | L31: =G31*K31 -> 3600 | O31: =SUMIF(Модули!$A:$A,Себестойност!A31,Модули!$B:$B)-G31 -> 0
A32: Съдове | I32: =SUM(H33:H78) -> 12760.02 | M32: =SUM(L33:L78) -> 15180.063
A33: БУФЕРНИ СЪДОВЕ
A34: Буферен съд 500л | B34: =IFERROR(VLOOKUP($A34,[1]Други!$A:$H,2,FALSE),IFERROR(VLOOKUP($A34,[1]ИТТ!$A:$H,2,FALSE),IFERROR(VLOOKUP($A34,[1]Schrack!$A:$H,2,FALSE),IFERROR(VLOOKUP($A34,'[1]LD GmbH'!$A:$H,2,FALSE),IFERROR(VLOOKUP($A34,[1]Крисметал!$A:$H,2,FALSE),IFERROR(VLOOKUP($A34,[1]Унител!$A:$H,2,FALSE),"")))))) -> 450 | C34: =IFERROR(VLOOKUP($A34,[1]Други!$A:$H,3,FALSE),IFERROR(VLOOKUP($A34,[1]ИТТ!$A:$H,3,FALSE),IFERROR(VLOOKUP($A34,[1]Schrack!$A:$H,3,FALSE),IFERROR(VLOOKUP($A34,'[1]LD GmbH'!$A:$H,3,FALSE),IFERROR(VLOOKUP($A34,[1]Крисметал!$A:$H,3,FALSE),IFERROR(VLOOKUP($A34,[1]Унител!$A:$H,3,FALSE),"")))))) -> 2215.5964 | D34: =IFERROR(VLOOKUP($A34,[1]Други!$A:$H,4,FALSE),IFERROR(VLOOKUP($A34,[1]ИТТ!$A:$H,4,FALSE),IFERROR(VLOOKUP($A34,[1]Schrack!$A:$H,4,FALSE),IFERROR(VLOOKUP($A34,'[1]LD GmbH'!$A:$H,4,FALSE),IFERROR(VLOOKUP($A34,[1]Крисметал!$A:$H,4,FALSE),IFERROR(VLOOKUP($A34,[1]Унител!$A:$H,4,FALSE),"")))))) -> бр. | E34: =IFERROR(VLOOKUP($A34,[1]Други!$A:$H,5,FALSE),IFERROR(VLOOKUP($A34,[1]ИТТ!$A:$H,5,FALSE),IFERROR(VLOOKUP($A34,[1]Schrack!$A:$H,5,FALSE),IFERROR(VLOOKUP($A34,'[1]LD GmbH'!$A:$H,5,FALSE),IFERROR(VLOOKUP($A34,[1]Крисметал!$A:$H,5,FALSE),IFERROR(VLOOKUP($A34,[1]Унител!$A:$H,5,FALSE),"")))))) -> 0 | F34: =IFERROR(VLOOKUP($A34,[1]Други!$A:$H,6,FALSE),IFERROR(VLOOKUP($A34,[1]ИТТ!$A:$H,6,FALSE),IFERROR(VLOOKUP($A34,[1]Schrack!$A:$H,6,FALSE),IFERROR(VLOOKUP($A34,'[1]LD GmbH'!$A:$H,6,FALSE),IFERROR(VLOOKUP($A34,[1]Крисметал!$A:$H,6,FALSE),IFERROR(VLOOKUP($A34,[1]Унител!$A:$H,6,FALSE),"")))))) -> 2215.5964 | G34: =IFERROR(SUMIF(Модули!$A:$A,Себестойност!A34,Модули!$B:$B),"") -> 2 | H34: =IFERROR(F34*G34,"") -> 4431.1929 | I34: =IFERROR(VLOOKUP($A34,[1]Други!$A:$H,8,FALSE),IFERROR(VLOOKUP($A34,[1]ИТТ!$A:$H,8,FALSE),IFERROR(VLOOKUP($A34,[1]Schrack!$A:$H,8,FALSE),IFERROR(VLOOKUP($A34,'[1]LD GmbH'!$A:$H,8,FALSE),IFERROR(VLOOKUP($A34,[1]Крисметал!$A:$H,8,FALSE),IFERROR(VLOOKUP($A34,[1]Унител!$A:$H,8,FALSE),"")))))) -> Светлю Шишков С | J34: =IFERROR(VLOOKUP($A34,[1]Други!$A:$I,9,FALSE),IFERROR(VLOOKUP($A34,[1]ИТТ!$A:$I,9,FALSE),IFERROR(VLOOKUP($A34,[1]Schrack!$A:$I,9,FALSE),IFERROR(VLOOKUP($A34,'[1]LD GmbH'!$A:$I,9,FALSE),IFERROR(VLOOKUP($A34,[1]Крисметал!$A:$I,9,FALSE),IFERROR(VLOOKUP($A34,[1]Унител!$A:$I,9,FALSE),"")))))) -> 45643 | K34: =IFERROR(VLOOKUP($A34,[1]Други!$A:$H,7,FALSE),IFERROR(VLOOKUP($A34,[1]ИТТ!$A:$H,7,FALSE),IFERROR(VLOOKUP($A34,[1]Schrack!$A:$H,7,FALSE),IFERROR(VLOOKUP($A34,'[1]LD GmbH'!$A:$H,7,FALSE),IFERROR(VLOOKUP($A34,[1]Крисметал!$A:$H,7,FALSE),IFERROR(VLOOKUP($A34,[1]Унител!$A:$H,7,FALSE),"")))))) -> 2658.7157 | L34: =G34*K34 -> 5317.4315 | O34: =SUMIF(Модули!$A:$A,Себестойност!A34,Модули!$B:$B)-G34 -> 0
A35: Тръба шевна 316L (609,6х3) 24" | B35: =IFERROR(VLOOKUP($A35,[1]Други!$A:$H,2,FALSE),IFERROR(VLOOKUP($A35,[1]ИТТ!$A:$H,2,FALSE),IFERROR(VLOOKUP($A35,[1]Schrack!$A:$H,2,FALSE),IFERROR(VLOOKUP($A35,'[1]LD GmbH'!$A:$H,2,FALSE),IFERROR(VLOOKUP($A35,[1]Крисметал!$A:$H,2,FALSE),IFERROR(VLOOKUP($A35,[1]Унител!$A:$H,2,FALSE),"")))))) -> - | C35: =IFERROR(VLOOKUP($A35,[1]Други!$A:$H,3,FALSE),IFERROR(VLOOKUP($A35,[1]ИТТ!$A:$H,3,FALSE),IFERROR(VLOOKUP($A35,[1]Schrack!$A:$H,3,FALSE),IFERROR(VLOOKUP($A35,'[1]LD GmbH'!$A:$H,3,FALSE),IFERROR(VLOOKUP($A35,[1]Крисметал!$A:$H,3,FALSE),IFERROR(VLOOKUP($A35,[1]Унител!$A:$H,3,FALSE),"")))))) -> 0 | D35: =IFERROR(VLOOKUP($A35,[1]Други!$A:$H,4,FALSE),IFERROR(VLOOKUP($A35,[1]ИТТ!$A:$H,4,FALSE),IFERROR(VLOOKUP($A35,[1]Schrack!$A:$H,4,FALSE),IFERROR(VLOOKUP($A35,'[1]LD GmbH'!$A:$H,4,FALSE),IFERROR(VLOOKUP($A35,[1]Крисметал!$A:$H,4,FALSE),IFERROR(VLOOKUP($A35,[1]Унител!$A:$H,4,FALSE),"")))))) -> м. | E35: =IFERROR(VLOOKUP($A35,[1]Други!$A:$H,5,FALSE),IFERROR(VLOOKUP($A35,[1]ИТТ!$A:$H,5,FALSE),IFERROR(VLOOKUP($A35,[1]Schrack!$A:$H,5,FALSE),IFERROR(VLOOKUP($A35,'[1]LD GmbH'!$A:$H,5,FALSE),IFERROR(VLOOKUP($A35,[1]Крисметал!$A:$H,5,FALSE),IFERROR(VLOOKUP($A35,[1]Унител!$A:$H,5,FALSE),"")))))) -> 0 | F35: =IFERROR(VLOOKUP($A35,[1]Други!$A:$H,6,FALSE),IFERROR(VLOOKUP($A35,[1]ИТТ!$A:$H,6,FALSE),IFERROR(VLOOKUP($A35,[1]Schrack!$A:$H,6,FALSE),IFERROR(VLOOKUP($A35,'[1]LD GmbH'!$A:$H,6,FALSE),IFERROR(VLOOKUP($A35,[1]Крисметал!$A:$H,6,FALSE),IFERROR(VLOOKUP($A35,[1]Унител!$A:$H,6,FALSE),"")))))) -> 0 | G35: =IFERROR(SUMIF(Модули!$A:$A,Себестойност!A35,Модули!$B:$B),"") -> 0 | H35: =IFERROR(F35*G35,"") -> 0 | I35: =IFERROR(VLOOKUP($A35,[1]Други!$A:$H,8,FALSE),IFERROR(VLOOKUP($A35,[1]ИТТ!$A:$H,8,FALSE),IFERROR(VLOOKUP($A35,[1]Schrack!$A:$H,8,FALSE),IFERROR(VLOOKUP($A35,'[1]LD GmbH'!$A:$H,8,FALSE),IFERROR(VLOOKUP($A35,[1]Крисметал!$A:$H,8,FALSE),IFERROR(VLOOKUP($A35,[1]Унител!$A:$H,8,FALSE),"")))))) -> Крисметал | J35: =IFERROR(VLOOKUP($A35,[1]Други!$A:$I,9,FALSE),IFERROR(VLOOKUP($A35,[1]ИТТ!$A:$I,9,FALSE),IFERROR(VLOOKUP($A35,[1]Schrack!$A:$I,9,FALSE),IFERROR(VLOOKUP($A35,'[1]LD GmbH'!$A:$I,9,FALSE),IFERROR(VLOOKUP($A35,[1]Крисметал!$A:$I,9,FALSE),IFERROR(VLOOKUP($A35,[1]Унител!$A:$I,9,FALSE),"")))))) -> - | K35: =IFERROR(VLOOKUP($A35,[1]Други!$A:$H,7,FALSE),IFERROR(VLOOKUP($A35,[1]ИТТ!$A:$H,7,FALSE),IFERROR(VLOOKUP($A35,[1]Schrack!$A:$H,7,FALSE),IFERROR(VLOOKUP($A35,'[1]LD GmbH'!$A:$H,7,FALSE),IFERROR(VLOOKUP($A35,[1]Крисметал!$A:$H,7,FALSE),IFERROR(VLOOKUP($A35,[1]Унител!$A:$H,7,FALSE),"")))))) -> 0 | L35: =G35*K35 -> 0 | O35: =SUMIF(Модули!$A:$A,Себестойност!A35,Модули!$B:$B)-G35 -> 0
A36: Тръба шевна 304L (88,9х2) 3" | B36: =IFERROR(VLOOKUP($A36,[1]Други!$A:$H,2,FALSE),IFERROR(VLOOKUP($A36,[1]ИТТ!$A:$H,2,FALSE),IFERROR(VLOOKUP($A36,[1]Schrack!$A:$H,2,FALSE),IFERROR(VLOOKUP($A36,'[1]LD GmbH'!$A:$H,2,FALSE),IFERROR(VLOOKUP($A36,[1]Крисметал!$A:$H,2,FALSE),IFERROR(VLOOKUP($A36,[1]Унител!$A:$H,2,FALSE),"")))))) -> 072702 | C36: =IFERROR(VLOOKUP($A36,[1]Други!$A:$H,3,FALSE),IFERROR(VLOOKUP($A36,[1]ИТТ!$A:$H,3,FALSE),IFERROR(VLOOKUP($A36,[1]Schrack!$A:$H,3,FALSE),IFERROR(VLOOKUP($A36,'[1]LD GmbH'!$A:$H,3,FALSE),IFERROR(VLOOKUP($A36,[1]Крисметал!$A:$H,3,FALSE),IFERROR(VLOOKUP($A36,[1]Унител!$A:$H,3,FALSE),"")))))) -> 16.71 | D36: =IFERROR(VLOOKUP($A36,[1]Други!$A:$H,4,FALSE),IFERROR(VLOOKUP($A36,[1]ИТТ!$A:$H,4,FALSE),IFERROR(VLOOKUP($A36,[1]Schrack!$A:$H,4,FALSE),IFERROR(VLOOKUP($A36,'[1]LD GmbH'!$A:$H,4,FALSE),IFERROR(VLOOKUP($A36,[1]Крисметал!$A:$H,4,FALSE),IFERROR(VLOOKUP($A36,[1]Унител!$A:$H,4,FALSE),"")))))) -> м. | E36: =IFERROR(VLOOKUP($A36,[1]Други!$A:$H,5,FALSE),IFERROR(VLOOKUP($A36,[1]ИТТ!$A:$H,5,FALSE),IFERROR(VLOOKUP($A36,[1]Schrack!$A:$H,5,FALSE),IFERROR(VLOOKUP($A36,'[1]LD GmbH'!$A:$H,5,FALSE),IFERROR(VLOOKUP($A36,[1]Крисметал!$A:$H,5,FALSE),IFERROR(VLOOKUP($A36,[1]Унител!$A:$H,5,FALSE),"")))))) -> 0 | F36: =IFERROR(VLOOKUP($A36,[1]Други!$A:$H,6,FALSE),IFERROR(VLOOKUP($A36,[1]ИТТ!$A:$H,6,FALSE),IFERROR(VLOOKUP($A36,[1]Schrack!$A:$H,6,FALSE),IFERROR(VLOOKUP($A36,'[1]LD GmbH'!$A:$H,6,FALSE),IFERROR(VLOOKUP($A36,[1]Крисметал!$A:$H,6,FALSE),IFERROR(VLOOKUP($A36,[1]Унител!$A:$H,6,FALSE),"")))))) -> 16.71 | G36: =IFERROR(SUMIF(Модули!$A:$A,Себестойност!A36,Модули!$B:$B),"") -> 0 | H36: =IFERROR(F36*G36,"") -> 0 | I36: =IFERROR(VLOOKUP($A36,[1]Други!$A:$H,8,FALSE),IFERROR(VLOOKUP($A36,[1]ИТТ!$A:$H,8,FALSE),IFERROR(VLOOKUP($A36,[1]Schrack!$A:$H,8,FALSE),IFERROR(VLOOKUP($A36,'[1]LD GmbH'!$A:$H,8,FALSE),IFERROR(VLOOKUP($A36,[1]Крисметал!$A:$H,8,FALSE),IFERROR(VLOOKUP($A36,[1]Унител!$A:$H,8,FALSE),"")))))) -> Крисметал | J36: =IFERROR(VLOOKUP($A36,[1]Други!$A:$I,9,FALSE),IFERROR(VLOOKUP($A36,[1]ИТТ!$A:$I,9,FALSE),IFERROR(VLOOKUP($A36,[1]Schrack!$A:$I,9,FALSE),IFERROR(VLOOKUP($A36,'[1]LD GmbH'!$A:$I,9,FALSE),IFERROR(VLOOKUP($A36,[1]Крисметал!$A:$I,9,FALSE),IFERROR(VLOOKUP($A36,[1]Унител!$A:$I,9,FALSE),"")))))) -> 45975 | K36: =IFERROR(VLOOKUP($A36,[1]Други!$A:$H,7,FALSE),IFERROR(VLOOKUP($A36,[1]ИТТ!$A:$H,7,FALSE),IFERROR(VLOOKUP($A36,[1]Schrack!$A:$H,7,FALSE),IFERROR(VLOOKUP($A36,'[1]LD GmbH'!$A:$H,7,FALSE),IFERROR(VLOOKUP($A36,[1]Крисметал!$A:$H,7,FALSE),IFERROR(VLOOKUP($A36,[1]Унител!$A:$H,7,FALSE),"")))))) -> 20.052 | L36: =G36*K36 -> 0 | O36: =SUMIF(Модули!$A:$A,Себестойност!A36,Модули!$B:$B)-G36 -> 0
A37: Капа 316L заварка (609,6х3) 24" | B37: =IFERROR(VLOOKUP($A37,[1]Други!$A:$H,2,FALSE),IFERROR(VLOOKUP($A37,[1]ИТТ!$A:$H,2,FALSE),IFERROR(VLOOKUP($A37,[1]Schrack!$A:$H,2,FALSE),IFERROR(VLOOKUP($A37,'[1]LD GmbH'!$A:$H,2,FALSE),IFERROR(VLOOKUP($A37,[1]Крисметал!$A:$H,2,FALSE),IFERROR(VLOOKUP($A37,[1]Унител!$A:$H,2,FALSE),"")))))) -> - | C37: =IFERROR(VLOOKUP($A37,[1]Други!$A:$H,3,FALSE),IFERROR(VLOOKUP($A37,[1]ИТТ!$A:$H,3,FALSE),IFERROR(VLOOKUP($A37,[1]Schrack!$A:$H,3,FALSE),IFERROR(VLOOKUP($A37,'[1]LD GmbH'!$A:$H,3,FALSE),IFERROR(VLOOKUP($A37,[1]Крисметал!$A:$H,3,FALSE),IFERROR(VLOOKUP($A37,[1]Унител!$A:$H,3,FALSE),"")))))) -> 0 | D37: =IFERROR(VLOOKUP($A37,[1]Други!$A:$H,4,FALSE),IFERROR(VLOOKUP($A37,[1]ИТТ!$A:$H,4,FALSE),IFERROR(VLOOKUP($A37,[1]Schrack!$A:$H,4,FALSE),IFERROR(VLOOKUP($A37,'[1]LD GmbH'!$A:$H,4,FALSE),IFERROR(VLOOKUP($A37,[1]Крисметал!$A:$H,4,FALSE),IFERROR(VLOOKUP($A37,[1]Унител!$A:$H,4,FALSE),"")))))) -> бр. | E37: =IFERROR(VLOOKUP($A37,[1]Други!$A:$H,5,FALSE),IFERROR(VLOOKUP($A37,[1]ИТТ!$A:$H,5,FALSE),IFERROR(VLOOKUP($A37,[1]Schrack!$A:$H,5,FALSE),IFERROR(VLOOKUP($A37,'[1]LD GmbH'!$A:$H,5,FALSE),IFERROR(VLOOKUP($A37,[1]Крисметал!$A:$H,5,FALSE),IFERROR(VLOOKUP($A37,[1]Унител!$A:$H,5,FALSE),"")))))) -> 0 | F37: =IFERROR(VLOOKUP($A37,[1]Други!$A:$H,6,FALSE),IFERROR(VLOOKUP($A37,[1]ИТТ!$A:$H,6,FALSE),IFERROR(VLOOKUP($A37,[1]Schrack!$A:$H,6,FALSE),IFERROR(VLOOKUP($A37,'[1]LD GmbH'!$A:$H,6,FALSE),IFERROR(VLOOKUP($A37,[1]Крисметал!$A:$H,6,FALSE),IFERROR(VLOOKUP($A37,[1]Унител!$A:$H,6,FALSE),"")))))) -> 0 | G37: =IFERROR(SUMIF(Модули!$A:$A,Себестойност!A37,Модули!$B:$B),"") -> 0 | H37: =IFERROR(F37*G37,"") -> 0 | I37: =IFERROR(VLOOKUP($A37,[1]Други!$A:$H,8,FALSE),IFERROR(VLOOKUP($A37,[1]ИТТ!$A:$H,8,FALSE),IFERROR(VLOOKUP($A37,[1]Schrack!$A:$H,8,FALSE),IFERROR(VLOOKUP($A37,'[1]LD GmbH'!$A:$H,8,FALSE),IFERROR(VLOOKUP($A37,[1]Крисметал!$A:$H,8,FALSE),IFERROR(VLOOKUP($A37,[1]Унител!$A:$H,8,FALSE),"")))))) -> Крисметал | J37: =IFERROR(VLOOKUP($A37,[1]Други!$A:$I,9,FALSE),IFERROR(VLOOKUP($A37,[1]ИТТ!$A:$I,9,FALSE),IFERROR(VLOOKUP($A37,[1]Schrack!$A:$I,9,FALSE),IFERROR(VLOOKUP($A37,'[1]LD GmbH'!$A:$I,9,FALSE),IFERROR(VLOOKUP($A37,[1]Крисметал!$A:$I,9,FALSE),IFERROR(VLOOKUP($A37,[1]Унител!$A:$I,9,FALSE),"")))))) -> - | K37: =IFERROR(VLOOKUP($A37,[1]Други!$A:$H,7,FALSE),IFERROR(VLOOKUP($A37,[1]ИТТ!$A:$H,7,FALSE),IFERROR(VLOOKUP($A37,[1]Schrack!$A:$H,7,FALSE),IFERROR(VLOOKUP($A37,'[1]LD GmbH'!$A:$H,7,FALSE),IFERROR(VLOOKUP($A37,[1]Крисметал!$A:$H,7,FALSE),IFERROR(VLOOKUP($A37,[1]Унител!$A:$H,7,FALSE),"")))))) -> 0 | L37: =G37*K37 -> 0 | O37: =SUMIF(Модули!$A:$A,Себестойност!A37,Модули!$B:$B)-G37 -> 0
A38: Капа 304L заварка (88,9х2) 3" | B38: =IFERROR(VLOOKUP($A38,[1]Други!$A:$H,2,FALSE),IFERROR(VLOOKUP($A38,[1]ИТТ!$A:$H,2,FALSE),IFERROR(VLOOKUP($A38,[1]Schrack!$A:$H,2,FALSE),IFERROR(VLOOKUP($A38,'[1]LD GmbH'!$A:$H,2,FALSE),IFERROR(VLOOKUP($A38,[1]Крисметал!$A:$H,2,FALSE),IFERROR(VLOOKUP($A38,[1]Унител!$A:$H,2,FALSE),"")))))) -> 103242 | C38: =IFERROR(VLOOKUP($A38,[1]Други!$A:$H,3,FALSE),IFERROR(VLOOKUP($A38,[1]ИТТ!$A:$H,3,FALSE),IFERROR(VLOOKUP($A38,[1]Schrack!$A:$H,3,FALSE),IFERROR(VLOOKUP($A38,'[1]LD GmbH'!$A:$H,3,FALSE),IFERROR(VLOOKUP($A38,[1]Крисметал!$A:$H,3,FALSE),IFERROR(VLOOKUP($A38,[1]Унител!$A:$H,3,FALSE),"")))))) -> 4.1772547 | D38: =IFERROR(VLOOKUP($A38,[1]Други!$A:$H,4,FALSE),IFERROR(VLOOKUP($A38,[1]ИТТ!$A:$H,4,FALSE),IFERROR(VLOOKUP($A38,[1]Schrack!$A:$H,4,FALSE),IFERROR(VLOOKUP($A38,'[1]LD GmbH'!$A:$H,4,FALSE),IFERROR(VLOOKUP($A38,[1]Крисметал!$A:$H,4,FALSE),IFERROR(VLOOKUP($A38,[1]Унител!$A:$H,4,FALSE),"")))))) -> бр. | E38: =IFERROR(VLOOKUP($A38,[1]Други!$A:$H,5,FALSE),IFERROR(VLOOKUP($A38,[1]ИТТ!$A:$H,5,FALSE),IFERROR(VLOOKUP($A38,[1]Schrack!$A:$H,5,FALSE),IFERROR(VLOOKUP($A38,'[1]LD GmbH'!$A:$H,5,FALSE),IFERROR(VLOOKUP($A38,[1]Крисметал!$A:$H,5,FALSE),IFERROR(VLOOKUP($A38,[1]Унител!$A:$H,5,FALSE),"")))))) -> 0 | F38: =IFERROR(VLOOKUP($A38,[1]Други!$A:$H,6,FALSE),IFERROR(VLOOKUP($A38,[1]ИТТ!$A:$H,6,FALSE),IFERROR(VLOOKUP($A38,[1]Schrack!$A:$H,6,FALSE),IFERROR(VLOOKUP($A38,'[1]LD GmbH'!$A:$H,6,FALSE),IFERROR(VLOOKUP($A38,[1]Крисметал!$A:$H,6,FALSE),IFERROR(VLOOKUP($A38,[1]Унител!$A:$H,6,FALSE),"")))))) -> 4.1772547 | G38: =IFERROR(SUMIF(Модули!$A:$A,Себестойност!A38,Модули!$B:$B),"") -> 0 | H38: =IFERROR(F38*G38,"") -> 0 | I38: =IFERROR(VLOOKUP($A38,[1]Други!$A:$H,8,FALSE),IFERROR(VLOOKUP($A38,[1]ИТТ!$A:$H,8,FALSE),IFERROR(VLOOKUP($A38,[1]Schrack!$A:$H,8,FALSE),IFERROR(VLOOKUP($A38,'[1]LD GmbH'!$A:$H,8,FALSE),IFERROR(VLOOKUP($A38,[1]Крисметал!$A:$H,8,FALSE),IFERROR(VLOOKUP($A38,[1]Унител!$A:$H,8,FALSE),"")))))) -> Крисметал | J38: =IFERROR(VLOOKUP($A38,[1]Други!$A:$I,9,FALSE),IFERROR(VLOOKUP($A38,[1]ИТТ!$A:$I,9,FALSE),IFERROR(VLOOKUP($A38,[1]Schrack!$A:$I,9,FALSE),IFERROR(VLOOKUP($A38,'[1]LD GmbH'!$A:$I,9,FALSE),IFERROR(VLOOKUP($A38,[1]Крисметал!$A:$I,9,FALSE),IFERROR(VLOOKUP($A38,[1]Унител!$A:$I,9,FALSE),"")))))) -> 45975 | K38: =IFERROR(VLOOKUP($A38,[1]Други!$A:$H,7,FALSE),IFERROR(VLOOKUP($A38,[1]ИТТ!$A:$H,7,FALSE),IFERROR(VLOOKUP($A38,[1]Schrack!$A:$H,7,FALSE),IFERROR(VLOOKUP($A38,'[1]LD GmbH'!$A:$H,7,FALSE),IFERROR(VLOOKUP($A38,[1]Крисметал!$A:$H,7,FALSE),IFERROR(VLOOKUP($A38,[1]Унител!$A:$H,7,FALSE),"")))))) -> 5.0127056 | L38: =G38*K38 -> 0 | O38: =SUMIF(Модули!$A:$A,Себестойност!A38,Модули!$B:$B)-G38 -> 0
A39: ВОДНИ БАНИ
A40: Тръба шевна 316L (323,8х2) 12" | B40: =IFERROR(VLOOKUP($A40,[1]Други!$A:$H,2,FALSE),IFERROR(VLOOKUP($A40,[1]ИТТ!$A:$H,2,FALSE),IFERROR(VLOOKUP($A40,[1]Schrack!$A:$H,2,FALSE),IFERROR(VLOOKUP($A40,'[1]LD GmbH'!$A:$H,2,FALSE),IFERROR(VLOOKUP($A40,[1]Крисметал!$A:$H,2,FALSE),IFERROR(VLOOKUP($A40,[1]Унител!$A:$H,2,FALSE),"")))))) -> - | C40: =IFERROR(VLOOKUP($A40,[1]Други!$A:$H,3,FALSE),IFERROR(VLOOKUP($A40,[1]ИТТ!$A:$H,3,FALSE),IFERROR(VLOOKUP($A40,[1]Schrack!$A:$H,3,FALSE),IFERROR(VLOOKUP($A40,'[1]LD GmbH'!$A:$H,3,FALSE),IFERROR(VLOOKUP($A40,[1]Крисметал!$A:$H,3,FALSE),IFERROR(VLOOKUP($A40,[1]Унител!$A:$H,3,FALSE),"")))))) -> 128.53 | D40: =IFERROR(VLOOKUP($A40,[1]Други!$A:$H,4,FALSE),IFERROR(VLOOKUP($A40,[1]ИТТ!$A:$H,4,FALSE),IFERROR(VLOOKUP($A40,[1]Schrack!$A:$H,4,FALSE),IFERROR(VLOOKUP($A40,'[1]LD GmbH'!$A:$H,4,FALSE),IFERROR(VLOOKUP($A40,[1]Крисметал!$A:$H,4,FALSE),IFERROR(VLOOKUP($A40,[1]Унител!$A:$H,4,FALSE),"")))))) -> м. | E40: =IFERROR(VLOOKUP($A40,[1]Други!$A:$H,5,FALSE),IFERROR(VLOOKUP($A40,[1]ИТТ!$A:$H,5,FALSE),IFERROR(VLOOKUP($A40,[1]Schrack!$A:$H,5,FALSE),IFERROR(VLOOKUP($A40,'[1]LD GmbH'!$A:$H,5,FALSE),IFERROR(VLOOKUP($A40,[1]Крисметал!$A:$H,5,FALSE),IFERROR(VLOOKUP($A40,[1]Унител!$A:$H,5,FALSE),"")))))) -> 0 | F40: =IFERROR(VLOOKUP($A40,[1]Други!$A:$H,6,FALSE),IFERROR(VLOOKUP($A40,[1]ИТТ!$A:$H,6,FALSE),IFERROR(VLOOKUP($A40,[1]Schrack!$A:$H,6,FALSE),IFERROR(VLOOKUP($A40,'[1]LD GmbH'!$A:$H,6,FALSE),IFERROR(VLOOKUP($A40,[1]Крисметал!$A:$H,6,FALSE),IFERROR(VLOOKUP($A40,[1]Унител!$A:$H,6,FALSE),"")))))) -> 128.53 | G40: =IFERROR(SUMIF(Модули!$A:$A,Себестойност!A40,Модули!$B:$B),"") -> 3 | H40: =IFERROR(F40*G40,"") -> 385.59 | I40: =IFERROR(VLOOKUP($A40,[1]Други!$A:$H,8,FALSE),IFERROR(VLOOKUP($A40,[1]ИТТ!$A:$H,8,FALSE),IFERROR(VLOOKUP($A40,[1]Schrack!$A:$H,8,FALSE),IFERROR(VLOOKUP($A40,'[1]LD GmbH'!$A:$H,8,FALSE),IFERROR(VLOOKUP($A40,[1]Крисметал!$A:$H,8,FALSE),IFERROR(VLOOKUP($A40,[1]Унител!$A:$H,8,FALSE),"")))))) -> Крисметал | J40: =IFERROR(VLOOKUP($A40,[1]Други!$A:$I,9,FALSE),IFERROR(VLOOKUP($A40,[1]ИТТ!$A:$I,9,FALSE),IFERROR(VLOOKUP($A40,[1]Schrack!$A:$I,9,FALSE),IFERROR(VLOOKUP($A40,'[1]LD GmbH'!$A:$I,9,FALSE),IFERROR(VLOOKUP($A40,[1]Крисметал!$A:$I,9,FALSE),IFERROR(VLOOKUP($A40,[1]Унител!$A:$I,9,FALSE),"")))))) -> - | K40: =IFERROR(VLOOKUP($A40,[1]Други!$A:$H,7,FALSE),IFERROR(VLOOKUP($A40,[1]ИТТ!$A:$H,7,FALSE),IFERROR(VLOOKUP($A40,[1]Schrack!$A:$H,7,FALSE),IFERROR(VLOOKUP($A40,'[1]LD GmbH'!$A:$H,7,FALSE),IFERROR(VLOOKUP($A40,[1]Крисметал!$A:$H,7,FALSE),IFERROR(VLOOKUP($A40,[1]Унител!$A:$H,7,FALSE),"")))))) -> 154.236 | L40: =G40*K40 -> 462.708 | O40: =SUMIF(Модули!$A:$A,Себестойност!A40,Модули!$B:$B)-G40 -> 0
A41: Капа 304L заварка (323.9x3) 12" | B41: =IFERROR(VLOOKUP($A41,[1]Други!$A:$H,2,FALSE),IFERROR(VLOOKUP($A41,[1]ИТТ!$A:$H,2,FALSE),IFERROR(VLOOKUP($A41,[1]Schrack!$A:$H,2,FALSE),IFERROR(VLOOKUP($A41,'[1]LD GmbH'!$A:$H,2,FALSE),IFERROR(VLOOKUP($A41,[1]Крисметал!$A:$H,2,FALSE),IFERROR(VLOOKUP($A41,[1]Унител!$A:$H,2,FALSE),"")))))) -> 103253 | C41: =IFERROR(VLOOKUP($A41,[1]Други!$A:$H,3,FALSE),IFERROR(VLOOKUP($A41,[1]ИТТ!$A:$H,3,FALSE),IFERROR(VLOOKUP($A41,[1]Schrack!$A:$H,3,FALSE),IFERROR(VLOOKUP($A41,'[1]LD GmbH'!$A:$H,3,FALSE),IFERROR(VLOOKUP($A41,[1]Крисметал!$A:$H,3,FALSE),IFERROR(VLOOKUP($A41,[1]Унител!$A:$H,3,FALSE),"")))))) -> 66.467945 | D41: =IFERROR(VLOOKUP($A41,[1]Други!$A:$H,4,FALSE),IFERROR(VLOOKUP($A41,[1]ИТТ!$A:$H,4,FALSE),IFERROR(VLOOKUP($A41,[1]Schrack!$A:$H,4,FALSE),IFERROR(VLOOKUP($A41,'[1]LD GmbH'!$A:$H,4,FALSE),IFERROR(VLOOKUP($A41,[1]Крисметал!$A:$H,4,FALSE),IFERROR(VLOOKUP($A41,[1]Унител!$A:$H,4,FALSE),"")))))) -> бр. | E41: =IFERROR(VLOOKUP($A41,[1]Други!$A:$H,5,FALSE),IFERROR(VLOOKUP($A41,[1]ИТТ!$A:$H,5,FALSE),IFERROR(VLOOKUP($A41,[1]Schrack!$A:$H,5,FALSE),IFERROR(VLOOKUP($A41,'[1]LD GmbH'!$A:$H,5,FALSE),IFERROR(VLOOKUP($A41,[1]Крисметал!$A:$H,5,FALSE),IFERROR(VLOOKUP($A41,[1]Унител!$A:$H,5,FALSE),"")))))) -> 0 | F41: =IFERROR(VLOOKUP($A41,[1]Други!$A:$H,6,FALSE),IFERROR(VLOOKUP($A41,[1]ИТТ!$A:$H,6,FALSE),IFERROR(VLOOKUP($A41,[1]Schrack!$A:$H,6,FALSE),IFERROR(VLOOKUP($A41,'[1]LD GmbH'!$A:$H,6,FALSE),IFERROR(VLOOKUP($A41,[1]Крисметал!$A:$H,6,FALSE),IFERROR(VLOOKUP($A41,[1]Унител!$A:$H,6,FALSE),"")))))) -> 66.467945 | G41: =IFERROR(SUMIF(Модули!$A:$A,Себестойност!A41,Модули!$B:$B),"") -> 4 | H41: =IFERROR(F41*G41,"") -> 265.87178 | I41: =IFERROR(VLOOKUP($A41,[1]Други!$A:$H,8,FALSE),IFERROR(VLOOKUP($A41,[1]ИТТ!$A:$H,8,FALSE),IFERROR(VLOOKUP($A41,[1]Schrack!$A:$H,8,FALSE),IFERROR(VLOOKUP($A41,'[1]LD GmbH'!$A:$H,8,FALSE),IFERROR(VLOOKUP($A41,[1]Крисметал!$A:$H,8,FALSE),IFERROR(VLOOKUP($A41,[1]Унител!$A:$H,8,FALSE),"")))))) -> Крисметал | J41: =IFERROR(VLOOKUP($A41,[1]Други!$A:$I,9,FALSE),IFERROR(VLOOKUP($A41,[1]ИТТ!$A:$I,9,FALSE),IFERROR(VLOOKUP($A41,[1]Schrack!$A:$I,9,FALSE),IFERROR(VLOOKUP($A41,'[1]LD GmbH'!$A:$I,9,FALSE),IFERROR(VLOOKUP($A41,[1]Крисметал!$A:$I,9,FALSE),IFERROR(VLOOKUP($A41,[1]Унител!$A:$I,9,FALSE),"")))))) -> 45701 | K41: =IFERROR(VLOOKUP($A41,[1]Други!$A:$H,7,FALSE),IFERROR(VLOOKUP($A41,[1]ИТТ!$A:$H,7,FALSE),IFERROR(VLOOKUP($A41,[1]Schrack!$A:$H,7,FALSE),IFERROR(VLOOKUP($A41,'[1]LD GmbH'!$A:$H,7,FALSE),IFERROR(VLOOKUP($A41,[1]Крисметал!$A:$H,7,FALSE),IFERROR(VLOOKUP($A41,[1]Унител!$A:$H,7,FALSE),"")))))) -> 79.761533 | L41: =G41*K41 -> 319.04613 | O41: =SUMIF(Модули!$A:$A,Себестойност!A41,Модули!$B:$B)-G41 -> 0
A42: Домакинска неръждаема тел | B42: =IFERROR(VLOOKUP($A42,[1]Други!$A:$H,2,FALSE),IFERROR(VLOOKUP($A42,[1]ИТТ!$A:$H,2,FALSE),IFERROR(VLOOKUP($A42,[1]Schrack!$A:$H,2,FALSE),IFERROR(VLOOKUP($A42,'[1]LD GmbH'!$A:$H,2,FALSE),IFERROR(VLOOKUP($A42,[1]Крисметал!$A:$H,2,FALSE),IFERROR(VLOOKUP($A42,[1]Унител!$A:$H,2,FALSE),"")))))) -> - | C42: =IFERROR(VLOOKUP($A42,[1]Други!$A:$H,3,FALSE),IFERROR(VLOOKUP($A42,[1]ИТТ!$A:$H,3,FALSE),IFERROR(VLOOKUP($A42,[1]Schrack!$A:$H,3,FALSE),IFERROR(VLOOKUP($A42,'[1]LD GmbH'!$A:$H,3,FALSE),IFERROR(VLOOKUP($A42,[1]Крисметал!$A:$H,3,FALSE),IFERROR(VLOOKUP($A42,[1]Унител!$A:$H,3,FALSE),"")))))) -> 1.49 | D42: =IFERROR(VLOOKUP($A42,[1]Други!$A:$H,4,FALSE),IFERROR(VLOOKUP($A42,[1]ИТТ!$A:$H,4,FALSE),IFERROR(VLOOKUP($A42,[1]Schrack!$A:$H,4,FALSE),IFERROR(VLOOKUP($A42,'[1]LD GmbH'!$A:$H,4,FALSE),IFERROR(VLOOKUP($A42,[1]Крисметал!$A:$H,4,FALSE),IFERROR(VLOOKUP($A42,[1]Унител!$A:$H,4,FALSE),"")))))) -> бр. | E42: =IFERROR(VLOOKUP($A42,[1]Други!$A:$H,5,FALSE),IFERROR(VLOOKUP($A42,[1]ИТТ!$A:$H,5,FALSE),IFERROR(VLOOKUP($A42,[1]Schrack!$A:$H,5,FALSE),IFERROR(VLOOKUP($A42,'[1]LD GmbH'!$A:$H,5,FALSE),IFERROR(VLOOKUP($A42,[1]Крисметал!$A:$H,5,FALSE),IFERROR(VLOOKUP($A42,[1]Унител!$A:$H,5,FALSE),"")))))) -> 0 | F42: =IFERROR(VLOOKUP($A42,[1]Други!$A:$H,6,FALSE),IFERROR(VLOOKUP($A42,[1]ИТТ!$A:$H,6,FALSE),IFERROR(VLOOKUP($A42,[1]Schrack!$A:$H,6,FALSE),IFERROR(VLOOKUP($A42,'[1]LD GmbH'!$A:$H,6,FALSE),IFERROR(VLOOKUP($A42,[1]Крисметал!$A:$H,6,FALSE),IFERROR(VLOOKUP($A42,[1]Унител!$A:$H,6,FALSE),"")))))) -> 1.49 | G42: =IFERROR(SUMIF(Модули!$A:$A,Себестойност!A42,Модули!$B:$B),"") -> 10 | H42: =IFERROR(F42*G42,"") -> 14.9 | I42: =IFERROR(VLOOKUP($A42,[1]Други!$A:$H,8,FALSE),IFERROR(VLOOKUP($A42,[1]ИТТ!$A:$H,8,FALSE),IFERROR(VLOOKUP($A42,[1]Schrack!$A:$H,8,FALSE),IFERROR(VLOOKUP($A42,'[1]LD GmbH'!$A:$H,8,FALSE),IFERROR(VLOOKUP($A42,[1]Крисметал!$A:$H,8,FALSE),IFERROR(VLOOKUP($A42,[1]Унител!$A:$H,8,FALSE),"")))))) -> Masterhouse | J42: =IFERROR(VLOOKUP($A42,[1]Други!$A:$I,9,FALSE),IFERROR(VLOOKUP($A42,[1]ИТТ!$A:$I,9,FALSE),IFERROR(VLOOKUP($A42,[1]Schrack!$A:$I,9,FALSE),IFERROR(VLOOKUP($A42,'[1]LD GmbH'!$A:$I,9,FALSE),IFERROR(VLOOKUP($A42,[1]Крисметал!$A:$I,9,FALSE),IFERROR(VLOOKUP($A42,[1]Унител!$A:$I,9,FALSE),"")))))) -> 46052 | K42: =IFERROR(VLOOKUP($A42,[1]Други!$A:$H,7,FALSE),IFERROR(VLOOKUP($A42,[1]ИТТ!$A:$H,7,FALSE),IFERROR(VLOOKUP($A42,[1]Schrack!$A:$H,7,FALSE),IFERROR(VLOOKUP($A42,'[1]LD GmbH'!$A:$H,7,FALSE),IFERROR(VLOOKUP($A42,[1]Крисметал!$A:$H,7,FALSE),IFERROR(VLOOKUP($A42,[1]Унител!$A:$H,7,FALSE),"")))))) -> 1.788 | L42: =G42*K42 -> 17.88 | O42: =SUMIF(Модули!$A:$A,Себестойност!A42,Модули!$B:$B)-G42 -> 0
A43: Болт с шестостенна глава, DIN 933, 8.8, vZn, M6x35 | B43: =IFERROR(VLOOKUP($A43,[1]Други!$A:$H,2,FALSE),IFERROR(VLOOKUP($A43,[1]ИТТ!$A:$H,2,FALSE),IFERROR(VLOOKUP($A43,[1]Schrack!$A:$H,2,FALSE),IFERROR(VLOOKUP($A43,'[1]LD GmbH'!$A:$H,2,FALSE),IFERROR(VLOOKUP($A43,[1]Крисметал!$A:$H,2,FALSE),IFERROR(VLOOKUP($A43,[1]Унител!$A:$H,2,FALSE),"")))))) -> 00933 8801 6 35 | C43: =IFERROR(VLOOKUP($A43,[1]Други!$A:$H,3,FALSE),IFERROR(VLOOKUP($A43,[1]ИТТ!$A:$H,3,FALSE),IFERROR(VLOOKUP($A43,[1]Schrack!$A:$H,3,FALSE),IFERROR(VLOOKUP($A43,'[1]LD GmbH'!$A:$H,3,FALSE),IFERROR(VLOOKUP($A43,[1]Крисметал!$A:$H,3,FALSE),IFERROR(VLOOKUP($A43,[1]Унител!$A:$H,3,FALSE),"")))))) -> 2.6331532 | D43: =IFERROR(VLOOKUP($A43,[1]Други!$A:$H,4,FALSE),IFERROR(VLOOKUP($A43,[1]ИТТ!$A:$H,4,FALSE),IFERROR(VLOOKUP($A43,[1]Schrack!$A:$H,4,FALSE),IFERROR(VLOOKUP($A43,'[1]LD GmbH'!$A:$H,4,FALSE),IFERROR(VLOOKUP($A43,[1]Крисметал!$A:$H,4,FALSE),IFERROR(VLOOKUP($A43,[1]Унител!$A:$H,4,FALSE),"")))))) -> 100 бр. | E43: =IFERROR(VLOOKUP($A43,[1]Други!$A:$H,5,FALSE),IFERROR(VLOOKUP($A43,[1]ИТТ!$A:$H,5,FALSE),IFERROR(VLOOKUP($A43,[1]Schrack!$A:$H,5,FALSE),IFERROR(VLOOKUP($A43,'[1]LD GmbH'!$A:$H,5,FALSE),IFERROR(VLOOKUP($A43,[1]Крисметал!$A:$H,5,FALSE),IFERROR(VLOOKUP($A43,[1]Унител!$A:$H,5,FALSE),"")))))) -> 0 | F43: =IFERROR(VLOOKUP($A43,[1]Други!$A:$H,6,FALSE),IFERROR(VLOOKUP($A43,[1]ИТТ!$A:$H,6,FALSE),IFERROR(VLOOKUP($A43,[1]Schrack!$A:$H,6,FALSE),IFERROR(VLOOKUP($A43,'[1]LD GmbH'!$A:$H,6,FALSE),IFERROR(VLOOKUP($A43,[1]Крисметал!$A:$H,6,FALSE),IFERROR(VLOOKUP($A43,[1]Унител!$A:$H,6,FALSE),"")))))) -> 2.6331532 | G43: =IFERROR(SUMIF(Модули!$A:$A,Себестойност!A43,Модули!$B:$B),"") -> 0.16 | H43: =IFERROR(F43*G43,"") -> 0.42130451 | I43: =IFERROR(VLOOKUP($A43,[1]Други!$A:$H,8,FALSE),IFERROR(VLOOKUP($A43,[1]ИТТ!$A:$H,8,FALSE),IFERROR(VLOOKUP($A43,[1]Schrack!$A:$H,8,FALSE),IFERROR(VLOOKUP($A43,'[1]LD GmbH'!$A:$H,8,FALSE),IFERROR(VLOOKUP($A43,[1]Крисметал!$A:$H,8,FALSE),IFERROR(VLOOKUP($A43,[1]Унител!$A:$H,8,FALSE),"")))))) -> ИТТ | J43: =IFERROR(VLOOKUP($A43,[1]Други!$A:$I,9,FALSE),IFERROR(VLOOKUP($A43,[1]ИТТ!$A:$I,9,FALSE),IFERROR(VLOOKUP($A43,[1]Schrack!$A:$I,9,FALSE),IFERROR(VLOOKUP($A43,'[1]LD GmbH'!$A:$I,9,FALSE),IFERROR(VLOOKUP($A43,[1]Крисметал!$A:$I,9,FALSE),IFERROR(VLOOKUP($A43,[1]Унител!$A:$I,9,FALSE),"")))))) -> 45566 | K43: =IFERROR(VLOOKUP($A43,[1]Други!$A:$H,7,FALSE),IFERROR(VLOOKUP($A43,[1]ИТТ!$A:$H,7,FALSE),IFERROR(VLOOKUP($A43,[1]Schrack!$A:$H,7,FALSE),IFERROR(VLOOKUP($A43,'[1]LD GmbH'!$A:$H,7,FALSE),IFERROR(VLOOKUP($A43,[1]Крисметал!$A:$H,7,FALSE),IFERROR(VLOOKUP($A43,[1]Унител!$A:$H,7,FALSE),"")))))) -> 3.1597838 | L43: =G43*K43 -> 0.50556541 | O43: =SUMIF(Модули!$A:$A,Себестойност!A43,Модули!$B:$B)-G43 -> 0
A44: Гайка шестостенна, DIN 934, А2, M6 | B44: =IFERROR(VLOOKUP($A44,[1]Други!$A:$H,2,FALSE),IFERROR(VLOOKUP($A44,[1]ИТТ!$A:$H,2,FALSE),IFERROR(VLOOKUP($A44,[1]Schrack!$A:$H,2,FALSE),IFERROR(VLOOKUP($A44,'[1]LD GmbH'!$A:$H,2,FALSE),IFERROR(VLOOKUP($A44,[1]Крисметал!$A:$H,2,FALSE),IFERROR(VLOOKUP($A44,[1]Унител!$A:$H,2,FALSE),"")))))) -> 00934 9200 6 | C44: =IFERROR(VLOOKUP($A44,[1]Други!$A:$H,3,FALSE),IFERROR(VLOOKUP($A44,[1]ИТТ!$A:$H,3,FALSE),IFERROR(VLOOKUP($A44,[1]Schrack!$A:$H,3,FALSE),IFERROR(VLOOKUP($A44,'[1]LD GmbH'!$A:$H,3,FALSE),IFERROR(VLOOKUP($A44,[1]Крисметал!$A:$H,3,FALSE),IFERROR(VLOOKUP($A44,[1]Унител!$A:$H,3,FALSE),"")))))) -> 2.6484919 | D44: =IFERROR(VLOOKUP($A44,[1]Други!$A:$H,4,FALSE),IFERROR(VLOOKUP($A44,[1]ИТТ!$A:$H,4,FALSE),IFERROR(VLOOKUP($A44,[1]Schrack!$A:$H,4,FALSE),IFERROR(VLOOKUP($A44,'[1]LD GmbH'!$A:$H,4,FALSE),IFERROR(VLOOKUP($A44,[1]Крисметал!$A:$H,4,FALSE),IFERROR(VLOOKUP($A44,[1]Унител!$A:$H,4,FALSE),"")))))) -> 100 бр. | E44: =IFERROR(VLOOKUP($A44,[1]Други!$A:$H,5,FALSE),IFERROR(VLOOKUP($A44,[1]ИТТ!$A:$H,5,FALSE),IFERROR(VLOOKUP($A44,[1]Schrack!$A:$H,5,FALSE),IFERROR(VLOOKUP($A44,'[1]LD GmbH'!$A:$H,5,FALSE),IFERROR(VLOOKUP($A44,[1]Крисметал!$A:$H,5,FALSE),IFERROR(VLOOKUP($A44,[1]Унител!$A:$H,5,FALSE),"")))))) -> 0 | F44: =IFERROR(VLOOKUP($A44,[1]Други!$A:$H,6,FALSE),IFERROR(VLOOKUP($A44,[1]ИТТ!$A:$H,6,FALSE),IFERROR(VLOOKUP($A44,[1]Schrack!$A:$H,6,FALSE),IFERROR(VLOOKUP($A44,'[1]LD GmbH'!$A:$H,6,FALSE),IFERROR(VLOOKUP($A44,[1]Крисметал!$A:$H,6,FALSE),IFERROR(VLOOKUP($A44,[1]Унител!$A:$H,6,FALSE),"")))))) -> 2.6484919 | G44: =IFERROR(SUMIF(Модули!$A:$A,Себестойност!A44,Модули!$B:$B),"") -> 0.16 | H44: =IFERROR(F44*G44,"") -> 0.42375871 | I44: =IFERROR(VLOOKUP($A44,[1]Други!$A:$H,8,FALSE),IFERROR(VLOOKUP($A44,[1]ИТТ!$A:$H,8,FALSE),IFERROR(VLOOKUP($A44,[1]Schrack!$A:$H,8,FALSE),IFERROR(VLOOKUP($A44,'[1]LD GmbH'!$A:$H,8,FALSE),IFERROR(VLOOKUP($A44,[1]Крисметал!$A:$H,8,FALSE),IFERROR(VLOOKUP($A44,[1]Унител!$A:$H,8,FALSE),"")))))) -> ИТТ | J44: =IFERROR(VLOOKUP($A44,[1]Други!$A:$I,9,FALSE),IFERROR(VLOOKUP($A44,[1]ИТТ!$A:$I,9,FALSE),IFERROR(VLOOKUP($A44,[1]Schrack!$A:$I,9,FALSE),IFERROR(VLOOKUP($A44,'[1]LD GmbH'!$A:$I,9,FALSE),IFERROR(VLOOKUP($A44,[1]Крисметал!$A:$I,9,FALSE),IFERROR(VLOOKUP($A44,[1]Унител!$A:$I,9,FALSE),"")))))) -> 45681 | K44: =IFERROR(VLOOKUP($A44,[1]Други!$A:$H,7,FALSE),IFERROR(VLOOKUP($A44,[1]ИТТ!$A:$H,7,FALSE),IFERROR(VLOOKUP($A44,[1]Schrack!$A:$H,7,FALSE),IFERROR(VLOOKUP($A44,'[1]LD GmbH'!$A:$H,7,FALSE),IFERROR(VLOOKUP($A44,[1]Крисметал!$A:$H,7,FALSE),IFERROR(VLOOKUP($A44,[1]Унител!$A:$H,7,FALSE),"")))))) -> 3.1781903 | L44: =G44*K44 -> 0.50851045 | O44: =SUMIF(Модули!$A:$A,Себестойност!A44,Модули!$B:$B)-G44 -> 0
A45: ДЕМИСТРИ
A46: Тръба шевна 304L (168,3х2) 6" | B46: =IFERROR(VLOOKUP($A46,[1]Други!$A:$H,2,FALSE),IFERROR(VLOOKUP($A46,[1]ИТТ!$A:$H,2,FALSE),IFERROR(VLOOKUP($A46,[1]Schrack!$A:$H,2,FALSE),IFERROR(VLOOKUP($A46,'[1]LD GmbH'!$A:$H,2,FALSE),IFERROR(VLOOKUP($A46,[1]Крисметал!$A:$H,2,FALSE),IFERROR(VLOOKUP($A46,[1]Унител!$A:$H,2,FALSE),"")))))) -> 073800 | C46: =IFERROR(VLOOKUP($A46,[1]Други!$A:$H,3,FALSE),IFERROR(VLOOKUP($A46,[1]ИТТ!$A:$H,3,FALSE),IFERROR(VLOOKUP($A46,[1]Schrack!$A:$H,3,FALSE),IFERROR(VLOOKUP($A46,'[1]LD GmbH'!$A:$H,3,FALSE),IFERROR(VLOOKUP($A46,[1]Крисметал!$A:$H,3,FALSE),IFERROR(VLOOKUP($A46,[1]Унител!$A:$H,3,FALSE),"")))))) -> 33.643006 | D46: =IFERROR(VLOOKUP($A46,[1]Други!$A:$H,4,FALSE),IFERROR(VLOOKUP($A46,[1]ИТТ!$A:$H,4,FALSE),IFERROR(VLOOKUP($A46,[1]Schrack!$A:$H,4,FALSE),IFERROR(VLOOKUP($A46,'[1]LD GmbH'!$A:$H,4,FALSE),IFERROR(VLOOKUP($A46,[1]Крисметал!$A:$H,4,FALSE),IFERROR(VLOOKUP($A46,[1]Унител!$A:$H,4,FALSE),"")))))) -> м. | E46: =IFERROR(VLOOKUP($A46,[1]Други!$A:$H,5,FALSE),IFERROR(VLOOKUP($A46,[1]ИТТ!$A:$H,5,FALSE),IFERROR(VLOOKUP($A46,[1]Schrack!$A:$H,5,FALSE),IFERROR(VLOOKUP($A46,'[1]LD GmbH'!$A:$H,5,FALSE),IFERROR(VLOOKUP($A46,[1]Крисметал!$A:$H,5,FALSE),IFERROR(VLOOKUP($A46,[1]Унител!$A:$H,5,FALSE),"")))))) -> 0 | F46: =IFERROR(VLOOKUP($A46,[1]Други!$A:$H,6,FALSE),IFERROR(VLOOKUP($A46,[1]ИТТ!$A:$H,6,FALSE),IFERROR(VLOOKUP($A46,[1]Schrack!$A:$H,6,FALSE),IFERROR(VLOOKUP($A46,'[1]LD GmbH'!$A:$H,6,FALSE),IFERROR(VLOOKUP($A46,[1]Крисметал!$A:$H,6,FALSE),IFERROR(VLOOKUP($A46,[1]Унител!$A:$H,6,FALSE),"")))))) -> 33.643006 | G46: =IFERROR(SUMIF(Модули!$A:$A,Себестойност!A46,Модули!$B:$B),"") -> 2.6 | H46: =IFERROR(F46*G46,"") -> 87.471815 | I46: =IFERROR(VLOOKUP($A46,[1]Други!$A:$H,8,FALSE),IFERROR(VLOOKUP($A46,[1]ИТТ!$A:$H,8,FALSE),IFERROR(VLOOKUP($A46,[1]Schrack!$A:$H,8,FALSE),IFERROR(VLOOKUP($A46,'[1]LD GmbH'!$A:$H,8,FALSE),IFERROR(VLOOKUP($A46,[1]Крисметал!$A:$H,8,FALSE),IFERROR(VLOOKUP($A46,[1]Унител!$A:$H,8,FALSE),"")))))) -> Крисметал | J46: =IFERROR(VLOOKUP($A46,[1]Други!$A:$I,9,FALSE),IFERROR(VLOOKUP($A46,[1]ИТТ!$A:$I,9,FALSE),IFERROR(VLOOKUP($A46,[1]Schrack!$A:$I,9,FALSE),IFERROR(VLOOKUP($A46,'[1]LD GmbH'!$A:$I,9,FALSE),IFERROR(VLOOKUP($A46,[1]Крисметал!$A:$I,9,FALSE),IFERROR(VLOOKUP($A46,[1]Унител!$A:$I,9,FALSE),"")))))) -> 45575 | K46: =IFERROR(VLOOKUP($A46,[1]Други!$A:$H,7,FALSE),IFERROR(VLOOKUP($A46,[1]ИТТ!$A:$H,7,FALSE),IFERROR(VLOOKUP($A46,[1]Schrack!$A:$H,7,FALSE),IFERROR(VLOOKUP($A46,'[1]LD GmbH'!$A:$H,7,FALSE),IFERROR(VLOOKUP($A46,[1]Крисметал!$A:$H,7,FALSE),IFERROR(VLOOKUP($A46,[1]Унител!$A:$H,7,FALSE),"")))))) -> 40.371607 | L46: =G46*K46 -> 104.96618 | O46: =SUMIF(Модули!$A:$A,Себестойност!A46,Модули!$B:$B)-G46 -> 0
A47: Капа 316L заварка (168.3x2.0) 6" | B47: =IFERROR(VLOOKUP($A47,[1]Други!$A:$H,2,FALSE),IFERROR(VLOOKUP($A47,[1]ИТТ!$A:$H,2,FALSE),IFERROR(VLOOKUP($A47,[1]Schrack!$A:$H,2,FALSE),IFERROR(VLOOKUP($A47,'[1]LD GmbH'!$A:$H,2,FALSE),IFERROR(VLOOKUP($A47,[1]Крисметал!$A:$H,2,FALSE),IFERROR(VLOOKUP($A47,[1]Унител!$A:$H,2,FALSE),"")))))) -> 102664 | C47: =IFERROR(VLOOKUP($A47,[1]Други!$A:$H,3,FALSE),IFERROR(VLOOKUP($A47,[1]ИТТ!$A:$H,3,FALSE),IFERROR(VLOOKUP($A47,[1]Schrack!$A:$H,3,FALSE),IFERROR(VLOOKUP($A47,'[1]LD GmbH'!$A:$H,3,FALSE),IFERROR(VLOOKUP($A47,[1]Крисметал!$A:$H,3,FALSE),IFERROR(VLOOKUP($A47,[1]Унител!$A:$H,3,FALSE),"")))))) -> 16.83 | D47: =IFERROR(VLOOKUP($A47,[1]Други!$A:$H,4,FALSE),IFERROR(VLOOKUP($A47,[1]ИТТ!$A:$H,4,FALSE),IFERROR(VLOOKUP($A47,[1]Schrack!$A:$H,4,FALSE),IFERROR(VLOOKUP($A47,'[1]LD GmbH'!$A:$H,4,FALSE),IFERROR(VLOOKUP($A47,[1]Крисметал!$A:$H,4,FALSE),IFERROR(VLOOKUP($A47,[1]Унител!$A:$H,4,FALSE),"")))))) -> бр. | E47: =IFERROR(VLOOKUP($A47,[1]Други!$A:$H,5,FALSE),IFERROR(VLOOKUP($A47,[1]ИТТ!$A:$H,5,FALSE),IFERROR(VLOOKUP($A47,[1]Schrack!$A:$H,5,FALSE),IFERROR(VLOOKUP($A47,'[1]LD GmbH'!$A:$H,5,FALSE),IFERROR(VLOOKUP($A47,[1]Крисметал!$A:$H,5,FALSE),IFERROR(VLOOKUP($A47,[1]Унител!$A:$H,5,FALSE),"")))))) -> 0 | F47: =IFERROR(VLOOKUP($A47,[1]Други!$A:$H,6,FALSE),IFERROR(VLOOKUP($A47,[1]ИТТ!$A:$H,6,FALSE),IFERROR(VLOOKUP($A47,[1]Schrack!$A:$H,6,FALSE),IFERROR(VLOOKUP($A47,'[1]LD GmbH'!$A:$H,6,FALSE),IFERROR(VLOOKUP($A47,[1]Крисметал!$A:$H,6,FALSE),IFERROR(VLOOKUP($A47,[1]Унител!$A:$H,6,FALSE),"")))))) -> 16.83 | G47: =IFERROR(SUMIF(Модули!$A:$A,Себестойност!A47,Модули!$B:$B),"") -> 10 | H47: =IFERROR(F47*G47,"") -> 168.3 | I47: =IFERROR(VLOOKUP($A47,[1]Други!$A:$H,8,FALSE),IFERROR(VLOOKUP($A47,[1]ИТТ!$A:$H,8,FALSE),IFERROR(VLOOKUP($A47,[1]Schrack!$A:$H,8,FALSE),IFERROR(VLOOKUP($A47,'[1]LD GmbH'!$A:$H,8,FALSE),IFERROR(VLOOKUP($A47,[1]Крисметал!$A:$H,8,FALSE),IFERROR(VLOOKUP($A47,[1]Унител!$A:$H,8,FALSE),"")))))) -> Крисметал | J47: =IFERROR(VLOOKUP($A47,[1]Други!$A:$I,9,FALSE),IFERROR(VLOOKUP($A47,[1]ИТТ!$A:$I,9,FALSE),IFERROR(VLOOKUP($A47,[1]Schrack!$A:$I,9,FALSE),IFERROR(VLOOKUP($A47,'[1]LD GmbH'!$A:$I,9,FALSE),IFERROR(VLOOKUP($A47,[1]Крисметал!$A:$I,9,FALSE),IFERROR(VLOOKUP($A47,[1]Унител!$A:$I,9,FALSE),"")))))) -> 45873 | K47: =IFERROR(VLOOKUP($A47,[1]Други!$A:$H,7,FALSE),IFERROR(VLOOKUP($A47,[1]ИТТ!$A:$H,7,FALSE),IFERROR(VLOOKUP($A47,[1]Schrack!$A:$H,7,FALSE),IFERROR(VLOOKUP($A47,'[1]LD GmbH'!$A:$H,7,FALSE),IFERROR(VLOOKUP($A47,[1]Крисметал!$A:$H,7,FALSE),IFERROR(VLOOKUP($A47,[1]Унител!$A:$H,7,FALSE),"")))))) -> 20.196 | L47: =G47*K47 -> 201.96 | O47: =SUMIF(Модули!$A:$A,Себестойност!A47,Модули!$B:$B)-G47 -> 0
A48: Гъба демистър (Wire mesh separator mono circolare 316L d.164 Sp tot 112) | B48: =IFERROR(VLOOKUP($A48,[1]Други!$A:$H,2,FALSE),IFERROR(VLOOKUP($A48,[1]ИТТ!$A:$H,2,FALSE),IFERROR(VLOOKUP($A48,[1]Schrack!$A:$H,2,FALSE),IFERROR(VLOOKUP($A48,'[1]LD GmbH'!$A:$H,2,FALSE),IFERROR(VLOOKUP($A48,[1]Крисметал!$A:$H,2,FALSE),IFERROR(VLOOKUP($A48,[1]Унител!$A:$H,2,FALSE),"")))))) -> 0000002194 | C48: =IFERROR(VLOOKUP($A48,[1]Други!$A:$H,3,FALSE),IFERROR(VLOOKUP($A48,[1]ИТТ!$A:$H,3,FALSE),IFERROR(VLOOKUP($A48,[1]Schrack!$A:$H,3,FALSE),IFERROR(VLOOKUP($A48,'[1]LD GmbH'!$A:$H,3,FALSE),IFERROR(VLOOKUP($A48,[1]Крисметал!$A:$H,3,FALSE),IFERROR(VLOOKUP($A48,[1]Унител!$A:$H,3,FALSE),"")))))) -> 82.000992 | D48: =IFERROR(VLOOKUP($A48,[1]Други!$A:$H,4,FALSE),IFERROR(VLOOKUP($A48,[1]ИТТ!$A:$H,4,FALSE),IFERROR(VLOOKUP($A48,[1]Schrack!$A:$H,4,FALSE),IFERROR(VLOOKUP($A48,'[1]LD GmbH'!$A:$H,4,FALSE),IFERROR(VLOOKUP($A48,[1]Крисметал!$A:$H,4,FALSE),IFERROR(VLOOKUP($A48,[1]Унител!$A:$H,4,FALSE),"")))))) -> бр. | E48: =IFERROR(VLOOKUP($A48,[1]Други!$A:$H,5,FALSE),IFERROR(VLOOKUP($A48,[1]ИТТ!$A:$H,5,FALSE),IFERROR(VLOOKUP($A48,[1]Schrack!$A:$H,5,FALSE),IFERROR(VLOOKUP($A48,'[1]LD GmbH'!$A:$H,5,FALSE),IFERROR(VLOOKUP($A48,[1]Крисметал!$A:$H,5,FALSE),IFERROR(VLOOKUP($A48,[1]Унител!$A:$H,5,FALSE),"")))))) -> 0 | F48: =IFERROR(VLOOKUP($A48,[1]Други!$A:$H,6,FALSE),IFERROR(VLOOKUP($A48,[1]ИТТ!$A:$H,6,FALSE),IFERROR(VLOOKUP($A48,[1]Schrack!$A:$H,6,FALSE),IFERROR(VLOOKUP($A48,'[1]LD GmbH'!$A:$H,6,FALSE),IFERROR(VLOOKUP($A48,[1]Крисметал!$A:$H,6,FALSE),IFERROR(VLOOKUP($A48,[1]Унител!$A:$H,6,FALSE),"")))))) -> 82.000992 | G48: =IFERROR(SUMIF(Модули!$A:$A,Себестойност!A48,Модули!$B:$B),"") -> 6 | H48: =IFERROR(F48*G48,"") -> 492.00595 | I48: =IFERROR(VLOOKUP($A48,[1]Други!$A:$H,8,FALSE),IFERROR(VLOOKUP($A48,[1]ИТТ!$A:$H,8,FALSE),IFERROR(VLOOKUP($A48,[1]Schrack!$A:$H,8,FALSE),IFERROR(VLOOKUP($A48,'[1]LD GmbH'!$A:$H,8,FALSE),IFERROR(VLOOKUP($A48,[1]Крисметал!$A:$H,8,FALSE),IFERROR(VLOOKUP($A48,[1]Унител!$A:$H,8,FALSE),"")))))) -> AFP Tech | J48: =IFERROR(VLOOKUP($A48,[1]Други!$A:$I,9,FALSE),IFERROR(VLOOKUP($A48,[1]ИТТ!$A:$I,9,FALSE),IFERROR(VLOOKUP($A48,[1]Schrack!$A:$I,9,FALSE),IFERROR(VLOOKUP($A48,'[1]LD GmbH'!$A:$I,9,FALSE),IFERROR(VLOOKUP($A48,[1]Крисметал!$A:$I,9,FALSE),IFERROR(VLOOKUP($A48,[1]Унител!$A:$I,9,FALSE),"")))))) -> 45684 | K48: =IFERROR(VLOOKUP($A48,[1]Други!$A:$H,7,FALSE),IFERROR(VLOOKUP($A48,[1]ИТТ!$A:$H,7,FALSE),IFERROR(VLOOKUP($A48,[1]Schrack!$A:$H,7,FALSE),IFERROR(VLOOKUP($A48,'[1]LD GmbH'!$A:$H,7,FALSE),IFERROR(VLOOKUP($A48,[1]Крисметал!$A:$H,7,FALSE),IFERROR(VLOOKUP($A48,[1]Унител!$A:$H,7,FALSE),"")))))) -> 82.000992 | L48: =G48*K48 -> 492.00595 | O48: =SUMIF(Модули!$A:$A,Себестойност!A48,Модули!$B:$B)-G48 -> 0
A49: ОБЩИ
A50: Тръба шевна 304L (114,3х2) 4" | B50: =IFERROR(VLOOKUP($A50,[1]Други!$A:$H,2,FALSE),IFERROR(VLOOKUP($A50,[1]ИТТ!$A:$H,2,FALSE),IFERROR(VLOOKUP($A50,[1]Schrack!$A:$H,2,FALSE),IFERROR(VLOOKUP($A50,'[1]LD GmbH'!$A:$H,2,FALSE),IFERROR(VLOOKUP($A50,[1]Крисметал!$A:$H,2,FALSE),IFERROR(VLOOKUP($A50,[1]Унител!$A:$H,2,FALSE),"")))))) -> 073001 | C50: =IFERROR(VLOOKUP($A50,[1]Други!$A:$H,3,FALSE),IFERROR(VLOOKUP($A50,[1]ИТТ!$A:$H,3,FALSE),IFERROR(VLOOKUP($A50,[1]Schrack!$A:$H,3,FALSE),IFERROR(VLOOKUP($A50,'[1]LD GmbH'!$A:$H,3,FALSE),IFERROR(VLOOKUP($A50,[1]Крисметал!$A:$H,3,FALSE),IFERROR(VLOOKUP($A50,[1]Унител!$A:$H,3,FALSE),"")))))) -> 31.239934 | D50: =IFERROR(VLOOKUP($A50,[1]Други!$A:$H,4,FALSE),IFERROR(VLOOKUP($A50,[1]ИТТ!$A:$H,4,FALSE),IFERROR(VLOOKUP($A50,[1]Schrack!$A:$H,4,FALSE),IFERROR(VLOOKUP($A50,'[1]LD GmbH'!$A:$H,4,FALSE),IFERROR(VLOOKUP($A50,[1]Крисметал!$A:$H,4,FALSE),IFERROR(VLOOKUP($A50,[1]Унител!$A:$H,4,FALSE),"")))))) -> м. | E50: =IFERROR(VLOOKUP($A50,[1]Други!$A:$H,5,FALSE),IFERROR(VLOOKUP($A50,[1]ИТТ!$A:$H,5,FALSE),IFERROR(VLOOKUP($A50,[1]Schrack!$A:$H,5,FALSE),IFERROR(VLOOKUP($A50,'[1]LD GmbH'!$A:$H,5,FALSE),IFERROR(VLOOKUP($A50,[1]Крисметал!$A:$H,5,FALSE),IFERROR(VLOOKUP($A50,[1]Унител!$A:$H,5,FALSE),"")))))) -> 0 | F50: =IFERROR(VLOOKUP($A50,[1]Други!$A:$H,6,FALSE),IFERROR(VLOOKUP($A50,[1]ИТТ!$A:$H,6,FALSE),IFERROR(VLOOKUP($A50,[1]Schrack!$A:$H,6,FALSE),IFERROR(VLOOKUP($A50,'[1]LD GmbH'!$A:$H,6,FALSE),IFERROR(VLOOKUP($A50,[1]Крисметал!$A:$H,6,FALSE),IFERROR(VLOOKUP($A50,[1]Унител!$A:$H,6,FALSE),"")))))) -> 31.239934 | G50: =IFERROR(SUMIF(Модули!$A:$A,Себестойност!A50,Модули!$B:$B),"") -> 4 | H50: =IFERROR(F50*G50,"") -> 124.95974 | I50: =IFERROR(VLOOKUP($A50,[1]Други!$A:$H,8,FALSE),IFERROR(VLOOKUP($A50,[1]ИТТ!$A:$H,8,FALSE),IFERROR(VLOOKUP($A50,[1]Schrack!$A:$H,8,FALSE),IFERROR(VLOOKUP($A50,'[1]LD GmbH'!$A:$H,8,FALSE),IFERROR(VLOOKUP($A50,[1]Крисметал!$A:$H,8,FALSE),IFERROR(VLOOKUP($A50,[1]Унител!$A:$H,8,FALSE),"")))))) -> Крисметал | J50: =IFERROR(VLOOKUP($A50,[1]Други!$A:$I,9,FALSE),IFERROR(VLOOKUP($A50,[1]ИТТ!$A:$I,9,FALSE),IFERROR(VLOOKUP($A50,[1]Schrack!$A:$I,9,FALSE),IFERROR(VLOOKUP($A50,'[1]LD GmbH'!$A:$I,9,FALSE),IFERROR(VLOOKUP($A50,[1]Крисметал!$A:$I,9,FALSE),IFERROR(VLOOKUP($A50,[1]Унител!$A:$I,9,FALSE),"")))))) -> 45673 | K50: =IFERROR(VLOOKUP($A50,[1]Други!$A:$H,7,FALSE),IFERROR(VLOOKUP($A50,[1]ИТТ!$A:$H,7,FALSE),IFERROR(VLOOKUP($A50,[1]Schrack!$A:$H,7,FALSE),IFERROR(VLOOKUP($A50,'[1]LD GmbH'!$A:$H,7,FALSE),IFERROR(VLOOKUP($A50,[1]Крисметал!$A:$H,7,FALSE),IFERROR(VLOOKUP($A50,[1]Унител!$A:$H,7,FALSE),"")))))) -> 37.487921 | L50: =G50*K50 -> 149.95168 | O50: =SUMIF(Модули!$A:$A,Себестойност!A50,Модули!$B:$B)-G50 -> 0
A51: Капа 316L заварка (114,3х2) 4" | B51: =IFERROR(VLOOKUP($A51,[1]Други!$A:$H,2,FALSE),IFERROR(VLOOKUP($A51,[1]ИТТ!$A:$H,2,FALSE),IFERROR(VLOOKUP($A51,[1]Schrack!$A:$H,2,FALSE),IFERROR(VLOOKUP($A51,'[1]LD GmbH'!$A:$H,2,FALSE),IFERROR(VLOOKUP($A51,[1]Крисметал!$A:$H,2,FALSE),IFERROR(VLOOKUP($A51,[1]Унител!$A:$H,2,FALSE),"")))))) -> 102662 | C51: =IFERROR(VLOOKUP($A51,[1]Други!$A:$H,3,FALSE),IFERROR(VLOOKUP($A51,[1]ИТТ!$A:$H,3,FALSE),IFERROR(VLOOKUP($A51,[1]Schrack!$A:$H,3,FALSE),IFERROR(VLOOKUP($A51,'[1]LD GmbH'!$A:$H,3,FALSE),IFERROR(VLOOKUP($A51,[1]Крисметал!$A:$H,3,FALSE),IFERROR(VLOOKUP($A51,[1]Унител!$A:$H,3,FALSE),"")))))) -> 7.9863792 | D51: =IFERROR(VLOOKUP($A51,[1]Други!$A:$H,4,FALSE),IFERROR(VLOOKUP($A51,[1]ИТТ!$A:$H,4,FALSE),IFERROR(VLOOKUP($A51,[1]Schrack!$A:$H,4,FALSE),IFERROR(VLOOKUP($A51,'[1]LD GmbH'!$A:$H,4,FALSE),IFERROR(VLOOKUP($A51,[1]Крисметал!$A:$H,4,FALSE),IFERROR(VLOOKUP($A51,[1]Унител!$A:$H,4,FALSE),"")))))) -> бр. | E51: =IFERROR(VLOOKUP($A51,[1]Други!$A:$H,5,FALSE),IFERROR(VLOOKUP($A51,[1]ИТТ!$A:$H,5,FALSE),IFERROR(VLOOKUP($A51,[1]Schrack!$A:$H,5,FALSE),IFERROR(VLOOKUP($A51,'[1]LD GmbH'!$A:$H,5,FALSE),IFERROR(VLOOKUP($A51,[1]Крисметал!$A:$H,5,FALSE),IFERROR(VLOOKUP($A51,[1]Унител!$A:$H,5,FALSE),"")))))) -> 0 | F51: =IFERROR(VLOOKUP($A51,[1]Други!$A:$H,6,FALSE),IFERROR(VLOOKUP($A51,[1]ИТТ!$A:$H,6,FALSE),IFERROR(VLOOKUP($A51,[1]Schrack!$A:$H,6,FALSE),IFERROR(VLOOKUP($A51,'[1]LD GmbH'!$A:$H,6,FALSE),IFERROR(VLOOKUP($A51,[1]Крисметал!$A:$H,6,FALSE),IFERROR(VLOOKUP($A51,[1]Унител!$A:$H,6,FALSE),"")))))) -> 7.9863792 | G51: =IFERROR(SUMIF(Модули!$A:$A,Себестойност!A51,Модули!$B:$B),"") -> 12 | H51: =IFERROR(F51*G51,"") -> 95.83655 | I51: =IFERROR(VLOOKUP($A51,[1]Други!$A:$H,8,FALSE),IFERROR(VLOOKUP($A51,[1]ИТТ!$A:$H,8,FALSE),IFERROR(VLOOKUP($A51,[1]Schrack!$A:$H,8,FALSE),IFERROR(VLOOKUP($A51,'[1]LD GmbH'!$A:$H,8,FALSE),IFERROR(VLOOKUP($A51,[1]Крисметал!$A:$H,8,FALSE),IFERROR(VLOOKUP($A51,[1]Унител!$A:$H,8,FALSE),"")))))) -> Крисметал | J51: =IFERROR(VLOOKUP($A51,[1]Други!$A:$I,9,FALSE),IFERROR(VLOOKUP($A51,[1]ИТТ!$A:$I,9,FALSE),IFERROR(VLOOKUP($A51,[1]Schrack!$A:$I,9,FALSE),IFERROR(VLOOKUP($A51,'[1]LD GmbH'!$A:$I,9,FALSE),IFERROR(VLOOKUP($A51,[1]Крисметал!$A:$I,9,FALSE),IFERROR(VLOOKUP($A51,[1]Унител!$A:$I,9,FALSE),"")))))) -> 45573 | K51: =IFERROR(VLOOKUP($A51,[1]Други!$A:$H,7,FALSE),IFERROR(VLOOKUP($A51,[1]ИТТ!$A:$H,7,FALSE),IFERROR(VLOOKUP($A51,[1]Schrack!$A:$H,7,FALSE),IFERROR(VLOOKUP($A51,'[1]LD GmbH'!$A:$H,7,FALSE),IFERROR(VLOOKUP($A51,[1]Крисметал!$A:$H,7,FALSE),IFERROR(VLOOKUP($A51,[1]Унител!$A:$H,7,FALSE),"")))))) -> 9.583655 | L51: =G51*K51 -> 115.00386 | O51: =SUMIF(Модули!$A:$A,Себестойност!A51,Модули!$B:$B)-G51 -> 0
A52: Каталитична колона
A53: OxiGone 113, 0,125% Pd on AI203, 2-4 mm Beads | B53: =IFERROR(VLOOKUP($A53,[1]Други!$A:$H,2,FALSE),IFERROR(VLOOKUP($A53,[1]ИТТ!$A:$H,2,FALSE),IFERROR(VLOOKUP($A53,[1]Schrack!$A:$H,2,FALSE),IFERROR(VLOOKUP($A53,'[1]LD GmbH'!$A:$H,2,FALSE),IFERROR(VLOOKUP($A53,[1]Крисметал!$A:$H,2,FALSE),IFERROR(VLOOKUP($A53,[1]Унител!$A:$H,2,FALSE),"")))))) -> - | C53: =IFERROR(VLOOKUP($A53,[1]Други!$A:$H,3,FALSE),IFERROR(VLOOKUP($A53,[1]ИТТ!$A:$H,3,FALSE),IFERROR(VLOOKUP($A53,[1]Schrack!$A:$H,3,FALSE),IFERROR(VLOOKUP($A53,'[1]LD GmbH'!$A:$H,3,FALSE),IFERROR(VLOOKUP($A53,[1]Крисметал!$A:$H,3,FALSE),IFERROR(VLOOKUP($A53,[1]Унител!$A:$H,3,FALSE),"")))))) -> 265.21 | D53: =IFERROR(VLOOKUP($A53,[1]Други!$A:$H,4,FALSE),IFERROR(VLOOKUP($A53,[1]ИТТ!$A:$H,4,FALSE),IFERROR(VLOOKUP($A53,[1]Schrack!$A:$H,4,FALSE),IFERROR(VLOOKUP($A53,'[1]LD GmbH'!$A:$H,4,FALSE),IFERROR(VLOOKUP($A53,[1]Крисметал!$A:$H,4,FALSE),IFERROR(VLOOKUP($A53,[1]Унител!$A:$H,4,FALSE),"")))))) -> кг. | E53: =IFERROR(VLOOKUP($A53,[1]Други!$A:$H,5,FALSE),IFERROR(VLOOKUP($A53,[1]ИТТ!$A:$H,5,FALSE),IFERROR(VLOOKUP($A53,[1]Schrack!$A:$H,5,FALSE),IFERROR(VLOOKUP($A53,'[1]LD GmbH'!$A:$H,5,FALSE),IFERROR(VLOOKUP($A53,[1]Крисметал!$A:$H,5,FALSE),IFERROR(VLOOKUP($A53,[1]Унител!$A:$H,5,FALSE),"")))))) -> 0 | F53: =IFERROR(VLOOKUP($A53,[1]Други!$A:$H,6,FALSE),IFERROR(VLOOKUP($A53,[1]ИТТ!$A:$H,6,FALSE),IFERROR(VLOOKUP($A53,[1]Schrack!$A:$H,6,FALSE),IFERROR(VLOOKUP($A53,'[1]LD GmbH'!$A:$H,6,FALSE),IFERROR(VLOOKUP($A53,[1]Крисметал!$A:$H,6,FALSE),IFERROR(VLOOKUP($A53,[1]Унител!$A:$H,6,FALSE),"")))))) -> 265.21 | G53: =IFERROR(SUMIF(Модули!$A:$A,Себестойност!A53,Модули!$B:$B),"") -> 20 | H53: =IFERROR(F53*G53,"") -> 5304.2 | I53: =IFERROR(VLOOKUP($A53,[1]Други!$A:$H,8,FALSE),IFERROR(VLOOKUP($A53,[1]ИТТ!$A:$H,8,FALSE),IFERROR(VLOOKUP($A53,[1]Schrack!$A:$H,8,FALSE),IFERROR(VLOOKUP($A53,'[1]LD GmbH'!$A:$H,8,FALSE),IFERROR(VLOOKUP($A53,[1]Крисметал!$A:$H,8,FALSE),IFERROR(VLOOKUP($A53,[1]Унител!$A:$H,8,FALSE),"")))))) -> Research Catalysts, Inc. | J53: =IFERROR(VLOOKUP($A53,[1]Други!$A:$I,9,FALSE),IFERROR(VLOOKUP($A53,[1]ИТТ!$A:$I,9,FALSE),IFERROR(VLOOKUP($A53,[1]Schrack!$A:$I,9,FALSE),IFERROR(VLOOKUP($A53,'[1]LD GmbH'!$A:$I,9,FALSE),IFERROR(VLOOKUP($A53,[1]Крисметал!$A:$I,9,FALSE),IFERROR(VLOOKUP($A53,[1]Унител!$A:$I,9,FALSE),"")))))) -> 45087 | K53: =IFERROR(VLOOKUP($A53,[1]Други!$A:$H,7,FALSE),IFERROR(VLOOKUP($A53,[1]ИТТ!$A:$H,7,FALSE),IFERROR(VLOOKUP($A53,[1]Schrack!$A:$H,7,FALSE),IFERROR(VLOOKUP($A53,'[1]LD GmbH'!$A:$H,7,FALSE),IFERROR(VLOOKUP($A53,[1]Крисметал!$A:$H,7,FALSE),IFERROR(VLOOKUP($A53,[1]Унител!$A:$H,7,FALSE),"")))))) -> 318.252 | L53: =G53*K53 -> 6365.04 | O53: =SUMIF(Модули!$A:$A,Себестойност!A53,Модули!$B:$B)-G53 -> 0
A54: Изсушител
A55: Molecular sieve 4A | B55: =IFERROR(VLOOKUP($A55,[1]Други!$A:$H,2,FALSE),IFERROR(VLOOKUP($A55,[1]ИТТ!$A:$H,2,FALSE),IFERROR(VLOOKUP($A55,[1]Schrack!$A:$H,2,FALSE),IFERROR(VLOOKUP($A55,'[1]LD GmbH'!$A:$H,2,FALSE),IFERROR(VLOOKUP($A55,[1]Крисметал!$A:$H,2,FALSE),IFERROR(VLOOKUP($A55,[1]Унител!$A:$H,2,FALSE),"")))))) -> - | C55: =IFERROR(VLOOKUP($A55,[1]Други!$A:$H,3,FALSE),IFERROR(VLOOKUP($A55,[1]ИТТ!$A:$H,3,FALSE),IFERROR(VLOOKUP($A55,[1]Schrack!$A:$H,3,FALSE),IFERROR(VLOOKUP($A55,'[1]LD GmbH'!$A:$H,3,FALSE),IFERROR(VLOOKUP($A55,[1]Крисметал!$A:$H,3,FALSE),IFERROR(VLOOKUP($A55,[1]Унител!$A:$H,3,FALSE),"")))))) -> 8.39 | D55: =IFERROR(VLOOKUP($A55,[1]Други!$A:$H,4,FALSE),IFERROR(VLOOKUP($A55,[1]ИТТ!$A:$H,4,FALSE),IFERROR(VLOOKUP($A55,[1]Schrack!$A:$H,4,FALSE),IFERROR(VLOOKUP($A55,'[1]LD GmbH'!$A:$H,4,FALSE),IFERROR(VLOOKUP($A55,[1]Крисметал!$A:$H,4,FALSE),IFERROR(VLOOKUP($A55,[1]Унител!$A:$H,4,FALSE),"")))))) -> кг. | E55: =IFERROR(VLOOKUP($A55,[1]Други!$A:$H,5,FALSE),IFERROR(VLOOKUP($A55,[1]ИТТ!$A:$H,5,FALSE),IFERROR(VLOOKUP($A55,[1]Schrack!$A:$H,5,FALSE),IFERROR(VLOOKUP($A55,'[1]LD GmbH'!$A:$H,5,FALSE),IFERROR(VLOOKUP($A55,[1]Крисметал!$A:$H,5,FALSE),IFERROR(VLOOKUP($A55,[1]Унител!$A:$H,5,FALSE),"")))))) -> 0 | F55: =IFERROR(VLOOKUP($A55,[1]Други!$A:$H,6,FALSE),IFERROR(VLOOKUP($A55,[1]ИТТ!$A:$H,6,FALSE),IFERROR(VLOOKUP($A55,[1]Schrack!$A:$H,6,FALSE),IFERROR(VLOOKUP($A55,'[1]LD GmbH'!$A:$H,6,FALSE),IFERROR(VLOOKUP($A55,[1]Крисметал!$A:$H,6,FALSE),IFERROR(VLOOKUP($A55,[1]Унител!$A:$H,6,FALSE),"")))))) -> 8.39 | G55: =IFERROR(SUMIF(Модули!$A:$A,Себестойност!A55,Модули!$B:$B),"") -> 20 | H55: =IFERROR(F55*G55,"") -> 167.8 | I55: =IFERROR(VLOOKUP($A55,[1]Други!$A:$H,8,FALSE),IFERROR(VLOOKUP($A55,[1]ИТТ!$A:$H,8,FALSE),IFERROR(VLOOKUP($A55,[1]Schrack!$A:$H,8,FALSE),IFERROR(VLOOKUP($A55,'[1]LD GmbH'!$A:$H,8,FALSE),IFERROR(VLOOKUP($A55,[1]Крисметал!$A:$H,8,FALSE),IFERROR(VLOOKUP($A55,[1]Унител!$A:$H,8,FALSE),"")))))) -> ZEST s.r.l. | J55: =IFERROR(VLOOKUP($A55,[1]Други!$A:$I,9,FALSE),IFERROR(VLOOKUP($A55,[1]ИТТ!$A:$I,9,FALSE),IFERROR(VLOOKUP($A55,[1]Schrack!$A:$I,9,FALSE),IFERROR(VLOOKUP($A55,'[1]LD GmbH'!$A:$I,9,FALSE),IFERROR(VLOOKUP($A55,[1]Крисметал!$A:$I,9,FALSE),IFERROR(VLOOKUP($A55,[1]Унител!$A:$I,9,FALSE),"")))))) -> 45842 | K55: =IFERROR(VLOOKUP($A55,[1]Други!$A:$H,7,FALSE),IFERROR(VLOOKUP($A55,[1]ИТТ!$A:$H,7,FALSE),IFERROR(VLOOKUP($A55,[1]Schrack!$A:$H,7,FALSE),IFERROR(VLOOKUP($A55,'[1]LD GmbH'!$A:$H,7,FALSE),IFERROR(VLOOKUP($A55,[1]Крисметал!$A:$H,7,FALSE),IFERROR(VLOOKUP($A55,[1]Унител!$A:$H,7,FALSE),"")))))) -> 8.39 | L55: =G55*K55 -> 167.8 | O55: =SUMIF(Модули!$A:$A,Себестойност!A55,Модули!$B:$B)-G55 -> 0
A56: Тръба шевна 316L (139,7х2) 5" | B56: =IFERROR(VLOOKUP($A56,[1]Други!$A:$H,2,FALSE),IFERROR(VLOOKUP($A56,[1]ИТТ!$A:$H,2,FALSE),IFERROR(VLOOKUP($A56,[1]Schrack!$A:$H,2,FALSE),IFERROR(VLOOKUP($A56,'[1]LD GmbH'!$A:$H,2,FALSE),IFERROR(VLOOKUP($A56,[1]Крисметал!$A:$H,2,FALSE),IFERROR(VLOOKUP($A56,[1]Унител!$A:$H,2,FALSE),"")))))) -> 093409 | C56: =IFERROR(VLOOKUP($A56,[1]Други!$A:$H,3,FALSE),IFERROR(VLOOKUP($A56,[1]ИТТ!$A:$H,3,FALSE),IFERROR(VLOOKUP($A56,[1]Schrack!$A:$H,3,FALSE),IFERROR(VLOOKUP($A56,'[1]LD GmbH'!$A:$H,3,FALSE),IFERROR(VLOOKUP($A56,[1]Крисметал!$A:$H,3,FALSE),IFERROR(VLOOKUP($A56,[1]Унител!$A:$H,3,FALSE),"")))))) -> 40.88 | D56: =IFERROR(VLOOKUP($A56,[1]Други!$A:$H,4,FALSE),IFERROR(VLOOKUP($A56,[1]ИТТ!$A:$H,4,FALSE),IFERROR(VLOOKUP($A56,[1]Schrack!$A:$H,4,FALSE),IFERROR(VLOOKUP($A56,'[1]LD GmbH'!$A:$H,4,FALSE),IFERROR(VLOOKUP($A56,[1]Крисметал!$A:$H,4,FALSE),IFERROR(VLOOKUP($A56,[1]Унител!$A:$H,4,FALSE),"")))))) -> м. | E56: =IFERROR(VLOOKUP($A56,[1]Други!$A:$H,5,FALSE),IFERROR(VLOOKUP($A56,[1]ИТТ!$A:$H,5,FALSE),IFERROR(VLOOKUP($A56,[1]Schrack!$A:$H,5,FALSE),IFERROR(VLOOKUP($A56,'[1]LD GmbH'!$A:$H,5,FALSE),IFERROR(VLOOKUP($A56,[1]Крисметал!$A:$H,5,FALSE),IFERROR(VLOOKUP($A56,[1]Унител!$A:$H,5,FALSE),"")))))) -> 0 | F56: =IFERROR(VLOOKUP($A56,[1]Други!$A:$H,6,FALSE),IFERROR(VLOOKUP($A56,[1]ИТТ!$A:$H,6,FALSE),IFERROR(VLOOKUP($A56,[1]Schrack!$A:$H,6,FALSE),IFERROR(VLOOKUP($A56,'[1]LD GmbH'!$A:$H,6,FALSE),IFERROR(VLOOKUP($A56,[1]Крисметал!$A:$H,6,FALSE),IFERROR(VLOOKUP($A56,[1]Унител!$A:$H,6,FALSE),"")))))) -> 40.88 | G56: =IFERROR(SUMIF(Модули!$A:$A,Себестойност!A56,Модули!$B:$B),"") -> 3.2 | H56: =IFERROR(F56*G56,"") -> 130.816 | I56: =IFERROR(VLOOKUP($A56,[1]Други!$A:$H,8,FALSE),IFERROR(VLOOKUP($A56,[1]ИТТ!$A:$H,8,FALSE),IFERROR(VLOOKUP($A56,[1]Schrack!$A:$H,8,FALSE),IFERROR(VLOOKUP($A56,'[1]LD GmbH'!$A:$H,8,FALSE),IFERROR(VLOOKUP($A56,[1]Крисметал!$A:$H,8,FALSE),IFERROR(VLOOKUP($A56,[1]Унител!$A:$H,8,FALSE),"")))))) -> Крисметал | J56: =IFERROR(VLOOKUP($A56,[1]Други!$A:$I,9,FALSE),IFERROR(VLOOKUP($A56,[1]ИТТ!$A:$I,9,FALSE),IFERROR(VLOOKUP($A56,[1]Schrack!$A:$I,9,FALSE),IFERROR(VLOOKUP($A56,'[1]LD GmbH'!$A:$I,9,FALSE),IFERROR(VLOOKUP($A56,[1]Крисметал!$A:$I,9,FALSE),IFERROR(VLOOKUP($A56,[1]Унител!$A:$I,9,FALSE),"")))))) -> 45345 | K56: =IFERROR(VLOOKUP($A56,[1]Други!$A:$H,7,FALSE),IFERROR(VLOOKUP($A56,[1]ИТТ!$A:$H,7,FALSE),IFERROR(VLOOKUP($A56,[1]Schrack!$A:$H,7,FALSE),IFERROR(VLOOKUP($A56,'[1]LD GmbH'!$A:$H,7,FALSE),IFERROR(VLOOKUP($A56,[1]Крисметал!$A:$H,7,FALSE),IFERROR(VLOOKUP($A56,[1]Унител!$A:$H,7,FALSE),"")))))) -> 49.056 | L56: =G56*K56 -> 156.9792 | O56: =SUMIF(Модули!$A:$A,Себестойност!A56,Модули!$B:$B)-G56 -> 0
A57: Фланец глух 316L T15 PN10 DN125 | B57: =IFERROR(VLOOKUP($A57,[1]Други!$A:$H,2,FALSE),IFERROR(VLOOKUP($A57,[1]ИТТ!$A:$H,2,FALSE),IFERROR(VLOOKUP($A57,[1]Schrack!$A:$H,2,FALSE),IFERROR(VLOOKUP($A57,'[1]LD GmbH'!$A:$H,2,FALSE),IFERROR(VLOOKUP($A57,[1]Крисметал!$A:$H,2,FALSE),IFERROR(VLOOKUP($A57,[1]Унител!$A:$H,2,FALSE),"")))))) -> 101913 | C57: =IFERROR(VLOOKUP($A57,[1]Други!$A:$H,3,FALSE),IFERROR(VLOOKUP($A57,[1]ИТТ!$A:$H,3,FALSE),IFERROR(VLOOKUP($A57,[1]Schrack!$A:$H,3,FALSE),IFERROR(VLOOKUP($A57,'[1]LD GmbH'!$A:$H,3,FALSE),IFERROR(VLOOKUP($A57,[1]Крисметал!$A:$H,3,FALSE),IFERROR(VLOOKUP($A57,[1]Унител!$A:$H,3,FALSE),"")))))) -> 79.25 | D57: =IFERROR(VLOOKUP($A57,[1]Други!$A:$H,4,FALSE),IFERROR(VLOOKUP($A57,[1]ИТТ!$A:$H,4,FALSE),IFERROR(VLOOKUP($A57,[1]Schrack!$A:$H,4,FALSE),IFERROR(VLOOKUP($A57,'[1]LD GmbH'!$A:$H,4,FALSE),IFERROR(VLOOKUP($A57,[1]Крисметал!$A:$H,4,FALSE),IFERROR(VLOOKUP($A57,[1]Унител!$A:$H,4,FALSE),"")))))) -> бр. | E57: =IFERROR(VLOOKUP($A57,[1]Други!$A:$H,5,FALSE),IFERROR(VLOOKUP($A57,[1]ИТТ!$A:$H,5,FALSE),IFERROR(VLOOKUP($A57,[1]Schrack!$A:$H,5,FALSE),IFERROR(VLOOKUP($A57,'[1]LD GmbH'!$A:$H,5,FALSE),IFERROR(VLOOKUP($A57,[1]Крисметал!$A:$H,5,FALSE),IFERROR(VLOOKUP($A57,[1]Унител!$A:$H,5,FALSE),"")))))) -> 0 | F57: =IFERROR(VLOOKUP($A57,[1]Други!$A:$H,6,FALSE),IFERROR(VLOOKUP($A57,[1]ИТТ!$A:$H,6,FALSE),IFERROR(VLOOKUP($A57,[1]Schrack!$A:$H,6,FALSE),IFERROR(VLOOKUP($A57,'[1]LD GmbH'!$A:$H,6,FALSE),IFERROR(VLOOKUP($A57,[1]Крисметал!$A:$H,6,FALSE),IFERROR(VLOOKUP($A57,[1]Унител!$A:$H,6,FALSE),"")))))) -> 79.25 | G57: =IFERROR(SUMIF(Модули!$A:$A,Себестойност!A57,Модули!$B:$B),"") -> 2 | H57: =IFERROR(F57*G57,"") -> 158.5 | I57: =IFERROR(VLOOKUP($A57,[1]Други!$A:$H,8,FALSE),IFERROR(VLOOKUP($A57,[1]ИТТ!$A:$H,8,FALSE),IFERROR(VLOOKUP($A57,[1]Schrack!$A:$H,8,FALSE),IFERROR(VLOOKUP($A57,'[1]LD GmbH'!$A:$H,8,FALSE),IFERROR(VLOOKUP($A57,[1]Крисметал!$A:$H,8,FALSE),IFERROR(VLOOKUP($A57,[1]Унител!$A:$H,8,FALSE),"")))))) -> Крисметал | J57: =IFERROR(VLOOKUP($A57,[1]Други!$A:$I,9,FALSE),IFERROR(VLOOKUP($A57,[1]ИТТ!$A:$I,9,FALSE),IFERROR(VLOOKUP($A57,[1]Schrack!$A:$I,9,FALSE),IFERROR(VLOOKUP($A57,'[1]LD GmbH'!$A:$I,9,FALSE),IFERROR(VLOOKUP($A57,[1]Крисметал!$A:$I,9,FALSE),IFERROR(VLOOKUP($A57,[1]Унител!$A:$I,9,FALSE),"")))))) -> 45345 | K57: =IFERROR(VLOOKUP($A57,[1]Други!$A:$H,7,FALSE),IFERROR(VLOOKUP($A57,[1]ИТТ!$A:$H,7,FALSE),IFERROR(VLOOKUP($A57,[1]Schrack!$A:$H,7,FALSE),IFERROR(VLOOKUP($A57,'[1]LD GmbH'!$A:$H,7,FALSE),IFERROR(VLOOKUP($A57,[1]Крисметал!$A:$H,7,FALSE),IFERROR(VLOOKUP($A57,[1]Унител!$A:$H,7,FALSE),"")))))) -> 95.1 | L57: =G57*K57 -> 190.2 | O57: =SUMIF(Модули!$A:$A,Себестойност!A57,Модули!$B:$B)-G57 -> 0
A58: Капа 316L заварка (139,7х2) 5" | B58: =IFERROR(VLOOKUP($A58,[1]Други!$A:$H,2,FALSE),IFERROR(VLOOKUP($A58,[1]ИТТ!$A:$H,2,FALSE),IFERROR(VLOOKUP($A58,[1]Schrack!$A:$H,2,FALSE),IFERROR(VLOOKUP($A58,'[1]LD GmbH'!$A:$H,2,FALSE),IFERROR(VLOOKUP($A58,[1]Крисметал!$A:$H,2,FALSE),IFERROR(VLOOKUP($A58,[1]Унител!$A:$H,2,FALSE),"")))))) -> 102663 | C58: =IFERROR(VLOOKUP($A58,[1]Други!$A:$H,3,FALSE),IFERROR(VLOOKUP($A58,[1]ИТТ!$A:$H,3,FALSE),IFERROR(VLOOKUP($A58,[1]Schrack!$A:$H,3,FALSE),IFERROR(VLOOKUP($A58,'[1]LD GmbH'!$A:$H,3,FALSE),IFERROR(VLOOKUP($A58,[1]Крисметал!$A:$H,3,FALSE),IFERROR(VLOOKUP($A58,[1]Унител!$A:$H,3,FALSE),"")))))) -> 9.79 | D58: =IFERROR(VLOOKUP($A58,[1]Други!$A:$H,4,FALSE),IFERROR(VLOOKUP($A58,[1]ИТТ!$A:$H,4,FALSE),IFERROR(VLOOKUP($A58,[1]Schrack!$A:$H,4,FALSE),IFERROR(VLOOKUP($A58,'[1]LD GmbH'!$A:$H,4,FALSE),IFERROR(VLOOKUP($A58,[1]Крисметал!$A:$H,4,FALSE),IFERROR(VLOOKUP($A58,[1]Унител!$A:$H,4,FALSE),"")))))) -> бр. | E58: =IFERROR(VLOOKUP($A58,[1]Други!$A:$H,5,FALSE),IFERROR(VLOOKUP($A58,[1]ИТТ!$A:$H,5,FALSE),IFERROR(VLOOKUP($A58,[1]Schrack!$A:$H,5,FALSE),IFERROR(VLOOKUP($A58,'[1]LD GmbH'!$A:$H,5,FALSE),IFERROR(VLOOKUP($A58,[1]Крисметал!$A:$H,5,FALSE),IFERROR(VLOOKUP($A58,[1]Унител!$A:$H,5,FALSE),"")))))) -> 0 | F58: =IFERROR(VLOOKUP($A58,[1]Други!$A:$H,6,FALSE),IFERROR(VLOOKUP($A58,[1]ИТТ!$A:$H,6,FALSE),IFERROR(VLOOKUP($A58,[1]Schrack!$A:$H,6,FALSE),IFERROR(VLOOKUP($A58,'[1]LD GmbH'!$A:$H,6,FALSE),IFERROR(VLOOKUP($A58,[1]Крисметал!$A:$H,6,FALSE),IFERROR(VLOOKUP($A58,[1]Унител!$A:$H,6,FALSE),"")))))) -> 9.79 | G58: =IFERROR(SUMIF(Модули!$A:$A,Себестойност!A58,Модули!$B:$B),"") -> 2 | H58: =IFERROR(F58*G58,"") -> 19.58 | I58: =IFERROR(VLOOKUP($A58,[1]Други!$A:$H,8,FALSE),IFERROR(VLOOKUP($A58,[1]ИТТ!$A:$H,8,FALSE),IFERROR(VLOOKUP($A58,[1]Schrack!$A:$H,8,FALSE),IFERROR(VLOOKUP($A58,'[1]LD GmbH'!$A:$H,8,FALSE),IFERROR(VLOOKUP($A58,[1]Крисметал!$A:$H,8,FALSE),IFERROR(VLOOKUP($A58,[1]Унител!$A:$H,8,FALSE),"")))))) -> Крисметал | J58: =IFERROR(VLOOKUP($A58,[1]Други!$A:$I,9,FALSE),IFERROR(VLOOKUP($A58,[1]ИТТ!$A:$I,9,FALSE),IFERROR(VLOOKUP($A58,[1]Schrack!$A:$I,9,FALSE),IFERROR(VLOOKUP($A58,'[1]LD GmbH'!$A:$I,9,FALSE),IFERROR(VLOOKUP($A58,[1]Крисметал!$A:$I,9,FALSE),IFERROR(VLOOKUP($A58,[1]Унител!$A:$I,9,FALSE),"")))))) -> 45345 | K58: =IFERROR(VLOOKUP($A58,[1]Други!$A:$H,7,FALSE),IFERROR(VLOOKUP($A58,[1]ИТТ!$A:$H,7,FALSE),IFERROR(VLOOKUP($A58,[1]Schrack!$A:$H,7,FALSE),IFERROR(VLOOKUP($A58,'[1]LD GmbH'!$A:$H,7,FALSE),IFERROR(VLOOKUP($A58,[1]Крисметал!$A:$H,7,FALSE),IFERROR(VLOOKUP($A58,[1]Унител!$A:$H,7,FALSE),"")))))) -> 11.748 | L58: =G58*K58 -> 23.496 | O58: =SUMIF(Модули!$A:$A,Себестойност!A58,Модули!$B:$B)-G58 -> 0
A59: Тръба шевна 316L (26.9x2.0) 3/4" | B59: =IFERROR(VLOOKUP($A59,[1]Други!$A:$H,2,FALSE),IFERROR(VLOOKUP($A59,[1]ИТТ!$A:$H,2,FALSE),IFERROR(VLOOKUP($A59,[1]Schrack!$A:$H,2,FALSE),IFERROR(VLOOKUP($A59,'[1]LD GmbH'!$A:$H,2,FALSE),IFERROR(VLOOKUP($A59,[1]Крисметал!$A:$H,2,FALSE),IFERROR(VLOOKUP($A59,[1]Унител!$A:$H,2,FALSE),"")))))) -> 091023 | C59: =IFERROR(VLOOKUP($A59,[1]Други!$A:$H,3,FALSE),IFERROR(VLOOKUP($A59,[1]ИТТ!$A:$H,3,FALSE),IFERROR(VLOOKUP($A59,[1]Schrack!$A:$H,3,FALSE),IFERROR(VLOOKUP($A59,'[1]LD GmbH'!$A:$H,3,FALSE),IFERROR(VLOOKUP($A59,[1]Крисметал!$A:$H,3,FALSE),IFERROR(VLOOKUP($A59,[1]Унител!$A:$H,3,FALSE),"")))))) -> 10.03 | D59: =IFERROR(VLOOKUP($A59,[1]Други!$A:$H,4,FALSE),IFERROR(VLOOKUP($A59,[1]ИТТ!$A:$H,4,FALSE),IFERROR(VLOOKUP($A59,[1]Schrack!$A:$H,4,FALSE),IFERROR(VLOOKUP($A59,'[1]LD GmbH'!$A:$H,4,FALSE),IFERROR(VLOOKUP($A59,[1]Крисметал!$A:$H,4,FALSE),IFERROR(VLOOKUP($A59,[1]Унител!$A:$H,4,FALSE),"")))))) -> бр. | E59: =IFERROR(VLOOKUP($A59,[1]Други!$A:$H,5,FALSE),IFERROR(VLOOKUP($A59,[1]ИТТ!$A:$H,5,FALSE),IFERROR(VLOOKUP($A59,[1]Schrack!$A:$H,5,FALSE),IFERROR(VLOOKUP($A59,'[1]LD GmbH'!$A:$H,5,FALSE),IFERROR(VLOOKUP($A59,[1]Крисметал!$A:$H,5,FALSE),IFERROR(VLOOKUP($A59,[1]Унител!$A:$H,5,FALSE),"")))))) -> 0 | F59: =IFERROR(VLOOKUP($A59,[1]Други!$A:$H,6,FALSE),IFERROR(VLOOKUP($A59,[1]ИТТ!$A:$H,6,FALSE),IFERROR(VLOOKUP($A59,[1]Schrack!$A:$H,6,FALSE),IFERROR(VLOOKUP($A59,'[1]LD GmbH'!$A:$H,6,FALSE),IFERROR(VLOOKUP($A59,[1]Крисметал!$A:$H,6,FALSE),IFERROR(VLOOKUP($A59,[1]Унител!$A:$H,6,FALSE),"")))))) -> 10.03 | G59: =IFERROR(SUMIF(Модули!$A:$A,Себестойност!A59,Модули!$B:$B),"") -> 9 | H59: =IFERROR(F59*G59,"") -> 90.27 | I59: =IFERROR(VLOOKUP($A59,[1]Други!$A:$H,8,FALSE),IFERROR(VLOOKUP($A59,[1]ИТТ!$A:$H,8,FALSE),IFERROR(VLOOKUP($A59,[1]Schrack!$A:$H,8,FALSE),IFERROR(VLOOKUP($A59,'[1]LD GmbH'!$A:$H,8,FALSE),IFERROR(VLOOKUP($A59,[1]Крисметал!$A:$H,8,FALSE),IFERROR(VLOOKUP($A59,[1]Унител!$A:$H,8,FALSE),"")))))) -> Крисметал | J59: =IFERROR(VLOOKUP($A59,[1]Други!$A:$I,9,FALSE),IFERROR(VLOOKUP($A59,[1]ИТТ!$A:$I,9,FALSE),IFERROR(VLOOKUP($A59,[1]Schrack!$A:$I,9,FALSE),IFERROR(VLOOKUP($A59,'[1]LD GmbH'!$A:$I,9,FALSE),IFERROR(VLOOKUP($A59,[1]Крисметал!$A:$I,9,FALSE),IFERROR(VLOOKUP($A59,[1]Унител!$A:$I,9,FALSE),"")))))) -> 45345 | K59: =IFERROR(VLOOKUP($A59,[1]Други!$A:$H,7,FALSE),IFERROR(VLOOKUP($A59,[1]ИТТ!$A:$H,7,FALSE),IFERROR(VLOOKUP($A59,[1]Schrack!$A:$H,7,FALSE),IFERROR(VLOOKUP($A59,'[1]LD GmbH'!$A:$H,7,FALSE),IFERROR(VLOOKUP($A59,[1]Крисметал!$A:$H,7,FALSE),IFERROR(VLOOKUP($A59,[1]Унител!$A:$H,7,FALSE),"")))))) -> 12.036 | L59: =G59*K59 -> 108.324 | O59: =SUMIF(Модули!$A:$A,Себестойност!A59,Модули!$B:$B)-G59 -> 0
A60: Капа 316L заварка (26,9х2) 3/4" | B60: =IFERROR(VLOOKUP($A60,[1]Други!$A:$H,2,FALSE),IFERROR(VLOOKUP($A60,[1]ИТТ!$A:$H,2,FALSE),IFERROR(VLOOKUP($A60,[1]Schrack!$A:$H,2,FALSE),IFERROR(VLOOKUP($A60,'[1]LD GmbH'!$A:$H,2,FALSE),IFERROR(VLOOKUP($A60,[1]Крисметал!$A:$H,2,FALSE),IFERROR(VLOOKUP($A60,[1]Унител!$A:$H,2,FALSE),"")))))) -> 102655 | C60: =IFERROR(VLOOKUP($A60,[1]Други!$A:$H,3,FALSE),IFERROR(VLOOKUP($A60,[1]ИТТ!$A:$H,3,FALSE),IFERROR(VLOOKUP($A60,[1]Schrack!$A:$H,3,FALSE),IFERROR(VLOOKUP($A60,'[1]LD GmbH'!$A:$H,3,FALSE),IFERROR(VLOOKUP($A60,[1]Крисметал!$A:$H,3,FALSE),IFERROR(VLOOKUP($A60,[1]Унител!$A:$H,3,FALSE),"")))))) -> 2 | D60: =IFERROR(VLOOKUP($A60,[1]Други!$A:$H,4,FALSE),IFERROR(VLOOKUP($A60,[1]ИТТ!$A:$H,4,FALSE),IFERROR(VLOOKUP($A60,[1]Schrack!$A:$H,4,FALSE),IFERROR(VLOOKUP($A60,'[1]LD GmbH'!$A:$H,4,FALSE),IFERROR(VLOOKUP($A60,[1]Крисметал!$A:$H,4,FALSE),IFERROR(VLOOKUP($A60,[1]Унител!$A:$H,4,FALSE),"")))))) -> бр. | E60: =IFERROR(VLOOKUP($A60,[1]Други!$A:$H,5,FALSE),IFERROR(VLOOKUP($A60,[1]ИТТ!$A:$H,5,FALSE),IFERROR(VLOOKUP($A60,[1]Schrack!$A:$H,5,FALSE),IFERROR(VLOOKUP($A60,'[1]LD GmbH'!$A:$H,5,FALSE),IFERROR(VLOOKUP($A60,[1]Крисметал!$A:$H,5,FALSE),IFERROR(VLOOKUP($A60,[1]Унител!$A:$H,5,FALSE),"")))))) -> 0 | F60: =IFERROR(VLOOKUP($A60,[1]Други!$A:$H,6,FALSE),IFERROR(VLOOKUP($A60,[1]ИТТ!$A:$H,6,FALSE),IFERROR(VLOOKUP($A60,[1]Schrack!$A:$H,6,FALSE),IFERROR(VLOOKUP($A60,'[1]LD GmbH'!$A:$H,6,FALSE),IFERROR(VLOOKUP($A60,[1]Крисметал!$A:$H,6,FALSE),IFERROR(VLOOKUP($A60,[1]Унител!$A:$H,6,FALSE),"")))))) -> 2 | G60: =IFERROR(SUMIF(Модули!$A:$A,Себестойност!A60,Модули!$B:$B),"") -> 6 | H60: =IFERROR(F60*G60,"") -> 12 | I60: =IFERROR(VLOOKUP($A60,[1]Други!$A:$H,8,FALSE),IFERROR(VLOOKUP($A60,[1]ИТТ!$A:$H,8,FALSE),IFERROR(VLOOKUP($A60,[1]Schrack!$A:$H,8,FALSE),IFERROR(VLOOKUP($A60,'[1]LD GmbH'!$A:$H,8,FALSE),IFERROR(VLOOKUP($A60,[1]Крисметал!$A:$H,8,FALSE),IFERROR(VLOOKUP($A60,[1]Унител!$A:$H,8,FALSE),"")))))) -> Крисметал | J60: =IFERROR(VLOOKUP($A60,[1]Други!$A:$I,9,FALSE),IFERROR(VLOOKUP($A60,[1]ИТТ!$A:$I,9,FALSE),IFERROR(VLOOKUP($A60,[1]Schrack!$A:$I,9,FALSE),IFERROR(VLOOKUP($A60,'[1]LD GmbH'!$A:$I,9,FALSE),IFERROR(VLOOKUP($A60,[1]Крисметал!$A:$I,9,FALSE),IFERROR(VLOOKUP($A60,[1]Унител!$A:$I,9,FALSE),"")))))) -> 45345 | K60: =IFERROR(VLOOKUP($A60,[1]Други!$A:$H,7,FALSE),IFERROR(VLOOKUP($A60,[1]ИТТ!$A:$H,7,FALSE),IFERROR(VLOOKUP($A60,[1]Schrack!$A:$H,7,FALSE),IFERROR(VLOOKUP($A60,'[1]LD GmbH'!$A:$H,7,FALSE),IFERROR(VLOOKUP($A60,[1]Крисметал!$A:$H,7,FALSE),IFERROR(VLOOKUP($A60,[1]Унител!$A:$H,7,FALSE),"")))))) -> 2.4 | L60: =G60*K60 -> 14.4 | O60: =SUMIF(Модули!$A:$A,Себестойност!A60,Модули!$B:$B)-G60 -> 0
A61: Патронен нагревател ф22х1510mm, 230V, 1500W, с ТД тип К 0-400C | B61: =IFERROR(VLOOKUP($A61,[1]Други!$A:$H,2,FALSE),IFERROR(VLOOKUP($A61,[1]ИТТ!$A:$H,2,FALSE),IFERROR(VLOOKUP($A61,[1]Schrack!$A:$H,2,FALSE),IFERROR(VLOOKUP($A61,'[1]LD GmbH'!$A:$H,2,FALSE),IFERROR(VLOOKUP($A61,[1]Крисметал!$A:$H,2,FALSE),IFERROR(VLOOKUP($A61,[1]Унител!$A:$H,2,FALSE),"")))))) -> - | C61: =IFERROR(VLOOKUP($A61,[1]Други!$A:$H,3,FALSE),IFERROR(VLOOKUP($A61,[1]ИТТ!$A:$H,3,FALSE),IFERROR(VLOOKUP($A61,[1]Schrack!$A:$H,3,FALSE),IFERROR(VLOOKUP($A61,'[1]LD GmbH'!$A:$H,3,FALSE),IFERROR(VLOOKUP($A61,[1]Крисметал!$A:$H,3,FALSE),IFERROR(VLOOKUP($A61,[1]Унител!$A:$H,3,FALSE),"")))))) -> 134.98 | D61: =IFERROR(VLOOKUP($A61,[1]Други!$A:$H,4,FALSE),IFERROR(VLOOKUP($A61,[1]ИТТ!$A:$H,4,FALSE),IFERROR(VLOOKUP($A61,[1]Schrack!$A:$H,4,FALSE),IFERROR(VLOOKUP($A61,'[1]LD GmbH'!$A:$H,4,FALSE),IFERROR(VLOOKUP($A61,[1]Крисметал!$A:$H,4,FALSE),IFERROR(VLOOKUP($A61,[1]Унител!$A:$H,4,FALSE),"")))))) -> бр. | E61: =IFERROR(VLOOKUP($A61,[1]Други!$A:$H,5,FALSE),IFERROR(VLOOKUP($A61,[1]ИТТ!$A:$H,5,FALSE),IFERROR(VLOOKUP($A61,[1]Schrack!$A:$H,5,FALSE),IFERROR(VLOOKUP($A61,'[1]LD GmbH'!$A:$H,5,FALSE),IFERROR(VLOOKUP($A61,[1]Крисметал!$A:$H,5,FALSE),IFERROR(VLOOKUP($A61,[1]Унител!$A:$H,5,FALSE),"")))))) -> 0 | F61: =IFERROR(VLOOKUP($A61,[1]Други!$A:$H,6,FALSE),IFERROR(VLOOKUP($A61,[1]ИТТ!$A:$H,6,FALSE),IFERROR(VLOOKUP($A61,[1]Schrack!$A:$H,6,FALSE),IFERROR(VLOOKUP($A61,'[1]LD GmbH'!$A:$H,6,FALSE),IFERROR(VLOOKUP($A61,[1]Крисметал!$A:$H,6,FALSE),IFERROR(VLOOKUP($A61,[1]Унител!$A:$H,6,FALSE),"")))))) -> 134.98 | G61: =IFERROR(SUMIF(Модули!$A:$A,Себестойност!A61,Модули!$B:$B),"") -> 6 | H61: =IFERROR(F61*G61,"") -> 809.88 | I61: =IFERROR(VLOOKUP($A61,[1]Други!$A:$H,8,FALSE),IFERROR(VLOOKUP($A61,[1]ИТТ!$A:$H,8,FALSE),IFERROR(VLOOKUP($A61,[1]Schrack!$A:$H,8,FALSE),IFERROR(VLOOKUP($A61,'[1]LD GmbH'!$A:$H,8,FALSE),IFERROR(VLOOKUP($A61,[1]Крисметал!$A:$H,8,FALSE),IFERROR(VLOOKUP($A61,[1]Унител!$A:$H,8,FALSE),"")))))) -> Нагревател БГ | J61: =IFERROR(VLOOKUP($A61,[1]Други!$A:$I,9,FALSE),IFERROR(VLOOKUP($A61,[1]ИТТ!$A:$I,9,FALSE),IFERROR(VLOOKUP($A61,[1]Schrack!$A:$I,9,FALSE),IFERROR(VLOOKUP($A61,'[1]LD GmbH'!$A:$I,9,FALSE),IFERROR(VLOOKUP($A61,[1]Крисметал!$A:$I,9,FALSE),IFERROR(VLOOKUP($A61,[1]Унител!$A:$I,9,FALSE),"")))))) -> 45348 | K61: =IFERROR(VLOOKUP($A61,[1]Други!$A:$H,7,FALSE),IFERROR(VLOOKUP($A61,[1]ИТТ!$A:$H,7,FALSE),IFERROR(VLOOKUP($A61,[1]Schrack!$A:$H,7,FALSE),IFERROR(VLOOKUP($A61,'[1]LD GmbH'!$A:$H,7,FALSE),IFERROR(VLOOKUP($A61,[1]Крисметал!$A:$H,7,FALSE),IFERROR(VLOOKUP($A61,[1]Унител!$A:$H,7,FALSE),"")))))) -> 161.976 | L61: =G61*K61 -> 971.856 | O61: =SUMIF(Модули!$A:$A,Себестойност!A61,Модули!$B:$B)-G61 -> 0
A62: Охладител (серпентина)
A63: Тръба 304 50х50х4 | B63: =IFERROR(VLOOKUP($A63,[1]Други!$A:$H,2,FALSE),IFERROR(VLOOKUP($A63,[1]ИТТ!$A:$H,2,FALSE),IFERROR(VLOOKUP($A63,[1]Schrack!$A:$H,2,FALSE),IFERROR(VLOOKUP($A63,'[1]LD GmbH'!$A:$H,2,FALSE),IFERROR(VLOOKUP($A63,[1]Крисметал!$A:$H,2,FALSE),IFERROR(VLOOKUP($A63,[1]Унител!$A:$H,2,FALSE),"")))))) -> 011102-071 | C63: =IFERROR(VLOOKUP($A63,[1]Други!$A:$H,3,FALSE),IFERROR(VLOOKUP($A63,[1]ИТТ!$A:$H,3,FALSE),IFERROR(VLOOKUP($A63,[1]Schrack!$A:$H,3,FALSE),IFERROR(VLOOKUP($A63,'[1]LD GmbH'!$A:$H,3,FALSE),IFERROR(VLOOKUP($A63,[1]Крисметал!$A:$H,3,FALSE),IFERROR(VLOOKUP($A63,[1]Унител!$A:$H,3,FALSE),"")))))) -> 22.496843 | D63: =IFERROR(VLOOKUP($A63,[1]Други!$A:$H,4,FALSE),IFERROR(VLOOKUP($A63,[1]ИТТ!$A:$H,4,FALSE),IFERROR(VLOOKUP($A63,[1]Schrack!$A:$H,4,FALSE),IFERROR(VLOOKUP($A63,'[1]LD GmbH'!$A:$H,4,FALSE),IFERROR(VLOOKUP($A63,[1]Крисметал!$A:$H,4,FALSE),IFERROR(VLOOKUP($A63,[1]Унител!$A:$H,4,FALSE),"")))))) -> м. | E63: =IFERROR(VLOOKUP($A63,[1]Други!$A:$H,5,FALSE),IFERROR(VLOOKUP($A63,[1]ИТТ!$A:$H,5,FALSE),IFERROR(VLOOKUP($A63,[1]Schrack!$A:$H,5,FALSE),IFERROR(VLOOKUP($A63,'[1]LD GmbH'!$A:$H,5,FALSE),IFERROR(VLOOKUP($A63,[1]Крисметал!$A:$H,5,FALSE),IFERROR(VLOOKUP($A63,[1]Унител!$A:$H,5,FALSE),"")))))) -> 0 | F63: =IFERROR(VLOOKUP($A63,[1]Други!$A:$H,6,FALSE),IFERROR(VLOOKUP($A63,[1]ИТТ!$A:$H,6,FALSE),IFERROR(VLOOKUP($A63,[1]Schrack!$A:$H,6,FALSE),IFERROR(VLOOKUP($A63,'[1]LD GmbH'!$A:$H,6,FALSE),IFERROR(VLOOKUP($A63,[1]Крисметал!$A:$H,6,FALSE),IFERROR(VLOOKUP($A63,[1]Унител!$A:$H,6,FALSE),"")))))) -> 22.496843 | G63: =IFERROR(SUMIF(Модули!$A:$A,Себестойност!A63,Модули!$B:$B),"") -> 0 | H63: =IFERROR(F63*G63,"") -> 0 | I63: =IFERROR(VLOOKUP($A63,[1]Други!$A:$H,8,FALSE),IFERROR(VLOOKUP($A63,[1]ИТТ!$A:$H,8,FALSE),IFERROR(VLOOKUP($A63,[1]Schrack!$A:$H,8,FALSE),IFERROR(VLOOKUP($A63,'[1]LD GmbH'!$A:$H,8,FALSE),IFERROR(VLOOKUP($A63,[1]Крисметал!$A:$H,8,FALSE),IFERROR(VLOOKUP($A63,[1]Унител!$A:$H,8,FALSE),"")))))) -> Интерметал | J63: =IFERROR(VLOOKUP($A63,[1]Други!$A:$I,9,FALSE),IFERROR(VLOOKUP($A63,[1]ИТТ!$A:$I,9,FALSE),IFERROR(VLOOKUP($A63,[1]Schrack!$A:$I,9,FALSE),IFERROR(VLOOKUP($A63,'[1]LD GmbH'!$A:$I,9,FALSE),IFERROR(VLOOKUP($A63,[1]Крисметал!$A:$I,9,FALSE),IFERROR(VLOOKUP($A63,[1]Унител!$A:$I,9,FALSE),"")))))) -> 45663 | K63: =IFERROR(VLOOKUP($A63,[1]Други!$A:$H,7,FALSE),IFERROR(VLOOKUP($A63,[1]ИТТ!$A:$H,7,FALSE),IFERROR(VLOOKUP($A63,[1]Schrack!$A:$H,7,FALSE),IFERROR(VLOOKUP($A63,'[1]LD GmbH'!$A:$H,7,FALSE),IFERROR(VLOOKUP($A63,[1]Крисметал!$A:$H,7,FALSE),IFERROR(VLOOKUP($A63,[1]Унител!$A:$H,7,FALSE),"")))))) -> 26.996211 | L63: =G63*K63 -> 0 | O63: =SUMIF(Модули!$A:$A,Себестойност!A63,Модули!$B:$B)-G63 -> 0
A64: Тръба оребрена (25х2 - 50) 2м | B64: =IFERROR(VLOOKUP($A64,[1]Други!$A:$H,2,FALSE),IFERROR(VLOOKUP($A64,[1]ИТТ!$A:$H,2,FALSE),IFERROR(VLOOKUP($A64,[1]Schrack!$A:$H,2,FALSE),IFERROR(VLOOKUP($A64,'[1]LD GmbH'!$A:$H,2,FALSE),IFERROR(VLOOKUP($A64,[1]Крисметал!$A:$H,2,FALSE),IFERROR(VLOOKUP($A64,[1]Унител!$A:$H,2,FALSE),"")))))) -> А110586 | C64: =IFERROR(VLOOKUP($A64,[1]Други!$A:$H,3,FALSE),IFERROR(VLOOKUP($A64,[1]ИТТ!$A:$H,3,FALSE),IFERROR(VLOOKUP($A64,[1]Schrack!$A:$H,3,FALSE),IFERROR(VLOOKUP($A64,'[1]LD GmbH'!$A:$H,3,FALSE),IFERROR(VLOOKUP($A64,[1]Крисметал!$A:$H,3,FALSE),IFERROR(VLOOKUP($A64,[1]Унител!$A:$H,3,FALSE),"")))))) -> 48.138131 | D64: =IFERROR(VLOOKUP($A64,[1]Други!$A:$H,4,FALSE),IFERROR(VLOOKUP($A64,[1]ИТТ!$A:$H,4,FALSE),IFERROR(VLOOKUP($A64,[1]Schrack!$A:$H,4,FALSE),IFERROR(VLOOKUP($A64,'[1]LD GmbH'!$A:$H,4,FALSE),IFERROR(VLOOKUP($A64,[1]Крисметал!$A:$H,4,FALSE),IFERROR(VLOOKUP($A64,[1]Унител!$A:$H,4,FALSE),"")))))) -> бр. | E64: =IFERROR(VLOOKUP($A64,[1]Други!$A:$H,5,FALSE),IFERROR(VLOOKUP($A64,[1]ИТТ!$A:$H,5,FALSE),IFERROR(VLOOKUP($A64,[1]Schrack!$A:$H,5,FALSE),IFERROR(VLOOKUP($A64,'[1]LD GmbH'!$A:$H,5,FALSE),IFERROR(VLOOKUP($A64,[1]Крисметал!$A:$H,5,FALSE),IFERROR(VLOOKUP($A64,[1]Унител!$A:$H,5,FALSE),"")))))) -> 0 | F64: =IFERROR(VLOOKUP($A64,[1]Други!$A:$H,6,FALSE),IFERROR(VLOOKUP($A64,[1]ИТТ!$A:$H,6,FALSE),IFERROR(VLOOKUP($A64,[1]Schrack!$A:$H,6,FALSE),IFERROR(VLOOKUP($A64,'[1]LD GmbH'!$A:$H,6,FALSE),IFERROR(VLOOKUP($A64,[1]Крисметал!$A:$H,6,FALSE),IFERROR(VLOOKUP($A64,[1]Унител!$A:$H,6,FALSE),"")))))) -> 48.138131 | G64: =IFERROR(SUMIF(Модули!$A:$A,Себестойност!A64,Модули!$B:$B),"") -> 0 | H64: =IFERROR(F64*G64,"") -> 0 | I64: =IFERROR(VLOOKUP($A64,[1]Други!$A:$H,8,FALSE),IFERROR(VLOOKUP($A64,[1]ИТТ!$A:$H,8,FALSE),IFERROR(VLOOKUP($A64,[1]Schrack!$A:$H,8,FALSE),IFERROR(VLOOKUP($A64,'[1]LD GmbH'!$A:$H,8,FALSE),IFERROR(VLOOKUP($A64,[1]Крисметал!$A:$H,8,FALSE),IFERROR(VLOOKUP($A64,[1]Унител!$A:$H,8,FALSE),"")))))) -> Климатех | J64: =IFERROR(VLOOKUP($A64,[1]Други!$A:$I,9,FALSE),IFERROR(VLOOKUP($A64,[1]ИТТ!$A:$I,9,FALSE),IFERROR(VLOOKUP($A64,[1]Schrack!$A:$I,9,FALSE),IFERROR(VLOOKUP($A64,'[1]LD GmbH'!$A:$I,9,FALSE),IFERROR(VLOOKUP($A64,[1]Крисметал!$A:$I,9,FALSE),IFERROR(VLOOKUP($A64,[1]Унител!$A:$I,9,FALSE),"")))))) -> 45677 | K64: =IFERROR(VLOOKUP($A64,[1]Други!$A:$H,7,FALSE),IFERROR(VLOOKUP($A64,[1]ИТТ!$A:$H,7,FALSE),IFERROR(VLOOKUP($A64,[1]Schrack!$A:$H,7,FALSE),IFERROR(VLOOKUP($A64,'[1]LD GmbH'!$A:$H,7,FALSE),IFERROR(VLOOKUP($A64,[1]Крисметал!$A:$H,7,FALSE),IFERROR(VLOOKUP($A64,[1]Унител!$A:$H,7,FALSE),"")))))) -> 57.765757 | L64: =G64*K64 -> 0 | O64: =SUMIF(Модули!$A:$A,Себестойност!A64,Модули!$B:$B)-G64 -> 0
A65: Тапа 304L 150LBS 1/2" | B65: =IFERROR(VLOOKUP($A65,[1]Други!$A:$H,2,FALSE),IFERROR(VLOOKUP($A65,[1]ИТТ!$A:$H,2,FALSE),IFERROR(VLOOKUP($A65,[1]Schrack!$A:$H,2,FALSE),IFERROR(VLOOKUP($A65,'[1]LD GmbH'!$A:$H,2,FALSE),IFERROR(VLOOKUP($A65,[1]Крисметал!$A:$H,2,FALSE),IFERROR(VLOOKUP($A65,[1]Унител!$A:$H,2,FALSE),"")))))) -> 101004 | C65: =IFERROR(VLOOKUP($A65,[1]Други!$A:$H,3,FALSE),IFERROR(VLOOKUP($A65,[1]ИТТ!$A:$H,3,FALSE),IFERROR(VLOOKUP($A65,[1]Schrack!$A:$H,3,FALSE),IFERROR(VLOOKUP($A65,'[1]LD GmbH'!$A:$H,3,FALSE),IFERROR(VLOOKUP($A65,[1]Крисметал!$A:$H,3,FALSE),IFERROR(VLOOKUP($A65,[1]Унител!$A:$H,3,FALSE),"")))))) -> 0.69024404 | D65: =IFERROR(VLOOKUP($A65,[1]Други!$A:$H,4,FALSE),IFERROR(VLOOKUP($A65,[1]ИТТ!$A:$H,4,FALSE),IFERROR(VLOOKUP($A65,[1]Schrack!$A:$H,4,FALSE),IFERROR(VLOOKUP($A65,'[1]LD GmbH'!$A:$H,4,FALSE),IFERROR(VLOOKUP($A65,[1]Крисметал!$A:$H,4,FALSE),IFERROR(VLOOKUP($A65,[1]Унител!$A:$H,4,FALSE),"")))))) -> бр. | E65: =IFERROR(VLOOKUP($A65,[1]Други!$A:$H,5,FALSE),IFERROR(VLOOKUP($A65,[1]ИТТ!$A:$H,5,FALSE),IFERROR(VLOOKUP($A65,[1]Schrack!$A:$H,5,FALSE),IFERROR(VLOOKUP($A65,'[1]LD GmbH'!$A:$H,5,FALSE),IFERROR(VLOOKUP($A65,[1]Крисметал!$A:$H,5,FALSE),IFERROR(VLOOKUP($A65,[1]Унител!$A:$H,5,FALSE),"")))))) -> 0 | F65: =IFERROR(VLOOKUP($A65,[1]Други!$A:$H,6,FALSE),IFERROR(VLOOKUP($A65,[1]ИТТ!$A:$H,6,FALSE),IFERROR(VLOOKUP($A65,[1]Schrack!$A:$H,6,FALSE),IFERROR(VLOOKUP($A65,'[1]LD GmbH'!$A:$H,6,FALSE),IFERROR(VLOOKUP($A65,[1]Крисметал!$A:$H,6,FALSE),IFERROR(VLOOKUP($A65,[1]Унител!$A:$H,6,FALSE),"")))))) -> 0.69024404 | G65: =IFERROR(SUMIF(Модули!$A:$A,Себестойност!A65,Модули!$B:$B),"") -> 0 | H65: =IFERROR(F65*G65,"") -> 0 | I65: =IFERROR(VLOOKUP($A65,[1]Други!$A:$H,8,FALSE),IFERROR(VLOOKUP($A65,[1]ИТТ!$A:$H,8,FALSE),IFERROR(VLOOKUP($A65,[1]Schrack!$A:$H,8,FALSE),IFERROR(VLOOKUP($A65,'[1]LD GmbH'!$A:$H,8,FALSE),IFERROR(VLOOKUP($A65,[1]Крисметал!$A:$H,8,FALSE),IFERROR(VLOOKUP($A65,[1]Унител!$A:$H,8,FALSE),"")))))) -> Крисметал | J65: =IFERROR(VLOOKUP($A65,[1]Други!$A:$I,9,FALSE),IFERROR(VLOOKUP($A65,[1]ИТТ!$A:$I,9,FALSE),IFERROR(VLOOKUP($A65,[1]Schrack!$A:$I,9,FALSE),IFERROR(VLOOKUP($A65,'[1]LD GmbH'!$A:$I,9,FALSE),IFERROR(VLOOKUP($A65,[1]Крисметал!$A:$I,9,FALSE),IFERROR(VLOOKUP($A65,[1]Унител!$A:$I,9,FALSE),"")))))) -> 45552 | K65: =IFERROR(VLOOKUP($A65,[1]Други!$A:$H,7,FALSE),IFERROR(VLOOKUP($A65,[1]ИТТ!$A:$H,7,FALSE),IFERROR(VLOOKUP($A65,[1]Schrack!$A:$H,7,FALSE),IFERROR(VLOOKUP($A65,'[1]LD GmbH'!$A:$H,7,FALSE),IFERROR(VLOOKUP($A65,[1]Крисметал!$A:$H,7,FALSE),IFERROR(VLOOKUP($A65,[1]Унител!$A:$H,7,FALSE),"")))))) -> 0.82829285 | L65: =G65*K65 -> 0 | O65: =SUMIF(Модули!$A:$A,Себестойност!A65,Модули!$B:$B)-G65 -> 0
A66: Тапа 50х50 | B66: =IFERROR(VLOOKUP($A66,[1]Други!$A:$H,2,FALSE),IFERROR(VLOOKUP($A66,[1]ИТТ!$A:$H,2,FALSE),IFERROR(VLOOKUP($A66,[1]Schrack!$A:$H,2,FALSE),IFERROR(VLOOKUP($A66,'[1]LD GmbH'!$A:$H,2,FALSE),IFERROR(VLOOKUP($A66,[1]Крисметал!$A:$H,2,FALSE),IFERROR(VLOOKUP($A66,[1]Унител!$A:$H,2,FALSE),"")))))) -> - | C66: =IFERROR(VLOOKUP($A66,[1]Други!$A:$H,3,FALSE),IFERROR(VLOOKUP($A66,[1]ИТТ!$A:$H,3,FALSE),IFERROR(VLOOKUP($A66,[1]Schrack!$A:$H,3,FALSE),IFERROR(VLOOKUP($A66,'[1]LD GmbH'!$A:$H,3,FALSE),IFERROR(VLOOKUP($A66,[1]Крисметал!$A:$H,3,FALSE),IFERROR(VLOOKUP($A66,[1]Унител!$A:$H,3,FALSE),"")))))) -> 3 | D66: =IFERROR(VLOOKUP($A66,[1]Други!$A:$H,4,FALSE),IFERROR(VLOOKUP($A66,[1]ИТТ!$A:$H,4,FALSE),IFERROR(VLOOKUP($A66,[1]Schrack!$A:$H,4,FALSE),IFERROR(VLOOKUP($A66,'[1]LD GmbH'!$A:$H,4,FALSE),IFERROR(VLOOKUP($A66,[1]Крисметал!$A:$H,4,FALSE),IFERROR(VLOOKUP($A66,[1]Унител!$A:$H,4,FALSE),"")))))) -> бр. | E66: =IFERROR(VLOOKUP($A66,[1]Други!$A:$H,5,FALSE),IFERROR(VLOOKUP($A66,[1]ИТТ!$A:$H,5,FALSE),IFERROR(VLOOKUP($A66,[1]Schrack!$A:$H,5,FALSE),IFERROR(VLOOKUP($A66,'[1]LD GmbH'!$A:$H,5,FALSE),IFERROR(VLOOKUP($A66,[1]Крисметал!$A:$H,5,FALSE),IFERROR(VLOOKUP($A66,[1]Унител!$A:$H,5,FALSE),"")))))) -> 0 | F66: =IFERROR(VLOOKUP($A66,[1]Други!$A:$H,6,FALSE),IFERROR(VLOOKUP($A66,[1]ИТТ!$A:$H,6,FALSE),IFERROR(VLOOKUP($A66,[1]Schrack!$A:$H,6,FALSE),IFERROR(VLOOKUP($A66,'[1]LD GmbH'!$A:$H,6,FALSE),IFERROR(VLOOKUP($A66,[1]Крисметал!$A:$H,6,FALSE),IFERROR(VLOOKUP($A66,[1]Унител!$A:$H,6,FALSE),"")))))) -> 3 | G66: =IFERROR(SUMIF(Модули!$A:$A,Себестойност!A66,Модули!$B:$B),"") -> 0 | H66: =IFERROR(F66*G66,"") -> 0 | I66: =IFERROR(VLOOKUP($A66,[1]Други!$A:$H,8,FALSE),IFERROR(VLOOKUP($A66,[1]ИТТ!$A:$H,8,FALSE),IFERROR(VLOOKUP($A66,[1]Schrack!$A:$H,8,FALSE),IFERROR(VLOOKUP($A66,'[1]LD GmbH'!$A:$H,8,FALSE),IFERROR(VLOOKUP($A66,[1]Крисметал!$A:$H,8,FALSE),IFERROR(VLOOKUP($A66,[1]Унител!$A:$H,8,FALSE),"")))))) -> - | J66: =IFERROR(VLOOKUP($A66,[1]Други!$A:$I,9,FALSE),IFERROR(VLOOKUP($A66,[1]ИТТ!$A:$I,9,FALSE),IFERROR(VLOOKUP($A66,[1]Schrack!$A:$I,9,FALSE),IFERROR(VLOOKUP($A66,'[1]LD GmbH'!$A:$I,9,FALSE),IFERROR(VLOOKUP($A66,[1]Крисметал!$A:$I,9,FALSE),IFERROR(VLOOKUP($A66,[1]Унител!$A:$I,9,FALSE),"")))))) -> - | K66: =IFERROR(VLOOKUP($A66,[1]Други!$A:$H,7,FALSE),IFERROR(VLOOKUP($A66,[1]ИТТ!$A:$H,7,FALSE),IFERROR(VLOOKUP($A66,[1]Schrack!$A:$H,7,FALSE),IFERROR(VLOOKUP($A66,'[1]LD GmbH'!$A:$H,7,FALSE),IFERROR(VLOOKUP($A66,[1]Крисметал!$A:$H,7,FALSE),IFERROR(VLOOKUP($A66,[1]Унител!$A:$H,7,FALSE),"")))))) -> 3.6 | L66: =G66*K66 -> 0 | O66: =SUMIF(Модули!$A:$A,Себестойност!A66,Модули!$B:$B)-G66 -> 0
A67: Тапа с отвор 50х50 | B67: =IFERROR(VLOOKUP($A67,[1]Други!$A:$H,2,FALSE),IFERROR(VLOOKUP($A67,[1]ИТТ!$A:$H,2,FALSE),IFERROR(VLOOKUP($A67,[1]Schrack!$A:$H,2,FALSE),IFERROR(VLOOKUP($A67,'[1]LD GmbH'!$A:$H,2,FALSE),IFERROR(VLOOKUP($A67,[1]Крисметал!$A:$H,2,FALSE),IFERROR(VLOOKUP($A67,[1]Унител!$A:$H,2,FALSE),"")))))) -> - | C67: =IFERROR(VLOOKUP($A67,[1]Други!$A:$H,3,FALSE),IFERROR(VLOOKUP($A67,[1]ИТТ!$A:$H,3,FALSE),IFERROR(VLOOKUP($A67,[1]Schrack!$A:$H,3,FALSE),IFERROR(VLOOKUP($A67,'[1]LD GmbH'!$A:$H,3,FALSE),IFERROR(VLOOKUP($A67,[1]Крисметал!$A:$H,3,FALSE),IFERROR(VLOOKUP($A67,[1]Унител!$A:$H,3,FALSE),"")))))) -> 4 | D67: =IFERROR(VLOOKUP($A67,[1]Други!$A:$H,4,FALSE),IFERROR(VLOOKUP($A67,[1]ИТТ!$A:$H,4,FALSE),IFERROR(VLOOKUP($A67,[1]Schrack!$A:$H,4,FALSE),IFERROR(VLOOKUP($A67,'[1]LD GmbH'!$A:$H,4,FALSE),IFERROR(VLOOKUP($A67,[1]Крисметал!$A:$H,4,FALSE),IFERROR(VLOOKUP($A67,[1]Унител!$A:$H,4,FALSE),"")))))) -> бр. | E67: =IFERROR(VLOOKUP($A67,[1]Други!$A:$H,5,FALSE),IFERROR(VLOOKUP($A67,[1]ИТТ!$A:$H,5,FALSE),IFERROR(VLOOKUP($A67,[1]Schrack!$A:$H,5,FALSE),IFERROR(VLOOKUP($A67,'[1]LD GmbH'!$A:$H,5,FALSE),IFERROR(VLOOKUP($A67,[1]Крисметал!$A:$H,5,FALSE),IFERROR(VLOOKUP($A67,[1]Унител!$A:$H,5,FALSE),"")))))) -> 0 | F67: =IFERROR(VLOOKUP($A67,[1]Други!$A:$H,6,FALSE),IFERROR(VLOOKUP($A67,[1]ИТТ!$A:$H,6,FALSE),IFERROR(VLOOKUP($A67,[1]Schrack!$A:$H,6,FALSE),IFERROR(VLOOKUP($A67,'[1]LD GmbH'!$A:$H,6,FALSE),IFERROR(VLOOKUP($A67,[1]Крисметал!$A:$H,6,FALSE),IFERROR(VLOOKUP($A67,[1]Унител!$A:$H,6,FALSE),"")))))) -> 4 | G67: =IFERROR(SUMIF(Модули!$A:$A,Себестойност!A67,Модули!$B:$B),"") -> 0 | H67: =IFERROR(F67*G67,"") -> 0 | I67: =IFERROR(VLOOKUP($A67,[1]Други!$A:$H,8,FALSE),IFERROR(VLOOKUP($A67,[1]ИТТ!$A:$H,8,FALSE),IFERROR(VLOOKUP($A67,[1]Schrack!$A:$H,8,FALSE),IFERROR(VLOOKUP($A67,'[1]LD GmbH'!$A:$H,8,FALSE),IFERROR(VLOOKUP($A67,[1]Крисметал!$A:$H,8,FALSE),IFERROR(VLOOKUP($A67,[1]Унител!$A:$H,8,FALSE),"")))))) -> - | J67: =IFERROR(VLOOKUP($A67,[1]Други!$A:$I,9,FALSE),IFERROR(VLOOKUP($A67,[1]ИТТ!$A:$I,9,FALSE),IFERROR(VLOOKUP($A67,[1]Schrack!$A:$I,9,FALSE),IFERROR(VLOOKUP($A67,'[1]LD GmbH'!$A:$I,9,FALSE),IFERROR(VLOOKUP($A67,[1]Крисметал!$A:$I,9,FALSE),IFERROR(VLOOKUP($A67,[1]Унител!$A:$I,9,FALSE),"")))))) -> - | K67: =IFERROR(VLOOKUP($A67,[1]Други!$A:$H,7,FALSE),IFERROR(VLOOKUP($A67,[1]ИТТ!$A:$H,7,FALSE),IFERROR(VLOOKUP($A67,[1]Schrack!$A:$H,7,FALSE),IFERROR(VLOOKUP($A67,'[1]LD GmbH'!$A:$H,7,FALSE),IFERROR(VLOOKUP($A67,[1]Крисметал!$A:$H,7,FALSE),IFERROR(VLOOKUP($A67,[1]Унител!$A:$H,7,FALSE),"")))))) -> 4.8 | L67: =G67*K67 -> 0 | O67: =SUMIF(Модули!$A:$A,Себестойност!A67,Модули!$B:$B)-G67 -> 0
A68: Профилна тръба ЕЗ 30х30х1,5 | B68: =IFERROR(VLOOKUP($A68,[1]Други!$A:$H,2,FALSE),IFERROR(VLOOKUP($A68,[1]ИТТ!$A:$H,2,FALSE),IFERROR(VLOOKUP($A68,[1]Schrack!$A:$H,2,FALSE),IFERROR(VLOOKUP($A68,'[1]LD GmbH'!$A:$H,2,FALSE),IFERROR(VLOOKUP($A68,[1]Крисметал!$A:$H,2,FALSE),IFERROR(VLOOKUP($A68,[1]Унител!$A:$H,2,FALSE),"")))))) -> - | C68: =IFERROR(VLOOKUP($A68,[1]Други!$A:$H,3,FALSE),IFERROR(VLOOKUP($A68,[1]ИТТ!$A:$H,3,FALSE),IFERROR(VLOOKUP($A68,[1]Schrack!$A:$H,3,FALSE),IFERROR(VLOOKUP($A68,'[1]LD GmbH'!$A:$H,3,FALSE),IFERROR(VLOOKUP($A68,[1]Крисметал!$A:$H,3,FALSE),IFERROR(VLOOKUP($A68,[1]Унител!$A:$H,3,FALSE),"")))))) -> 1.1574012 | D68: =IFERROR(VLOOKUP($A68,[1]Други!$A:$H,4,FALSE),IFERROR(VLOOKUP($A68,[1]ИТТ!$A:$H,4,FALSE),IFERROR(VLOOKUP($A68,[1]Schrack!$A:$H,4,FALSE),IFERROR(VLOOKUP($A68,'[1]LD GmbH'!$A:$H,4,FALSE),IFERROR(VLOOKUP($A68,[1]Крисметал!$A:$H,4,FALSE),IFERROR(VLOOKUP($A68,[1]Унител!$A:$H,4,FALSE),"")))))) -> м. | E68: =IFERROR(VLOOKUP($A68,[1]Други!$A:$H,5,FALSE),IFERROR(VLOOKUP($A68,[1]ИТТ!$A:$H,5,FALSE),IFERROR(VLOOKUP($A68,[1]Schrack!$A:$H,5,FALSE),IFERROR(VLOOKUP($A68,'[1]LD GmbH'!$A:$H,5,FALSE),IFERROR(VLOOKUP($A68,[1]Крисметал!$A:$H,5,FALSE),IFERROR(VLOOKUP($A68,[1]Унител!$A:$H,5,FALSE),"")))))) -> 0 | F68: =IFERROR(VLOOKUP($A68,[1]Други!$A:$H,6,FALSE),IFERROR(VLOOKUP($A68,[1]ИТТ!$A:$H,6,FALSE),IFERROR(VLOOKUP($A68,[1]Schrack!$A:$H,6,FALSE),IFERROR(VLOOKUP($A68,'[1]LD GmbH'!$A:$H,6,FALSE),IFERROR(VLOOKUP($A68,[1]Крисметал!$A:$H,6,FALSE),IFERROR(VLOOKUP($A68,[1]Унител!$A:$H,6,FALSE),"")))))) -> 1.1574012 | G68: =IFERROR(SUMIF(Модули!$A:$A,Себестойност!A68,Модули!$B:$B),"") -> 0 | H68: =IFERROR(F68*G68,"") -> 0 | I68: =IFERROR(VLOOKUP($A68,[1]Други!$A:$H,8,FALSE),IFERROR(VLOOKUP($A68,[1]ИТТ!$A:$H,8,FALSE),IFERROR(VLOOKUP($A68,[1]Schrack!$A:$H,8,FALSE),IFERROR(VLOOKUP($A68,'[1]LD GmbH'!$A:$H,8,FALSE),IFERROR(VLOOKUP($A68,[1]Крисметал!$A:$H,8,FALSE),IFERROR(VLOOKUP($A68,[1]Унител!$A:$H,8,FALSE),"")))))) -> НИРСТРОЙ | J68: =IFERROR(VLOOKUP($A68,[1]Други!$A:$I,9,FALSE),IFERROR(VLOOKUP($A68,[1]ИТТ!$A:$I,9,FALSE),IFERROR(VLOOKUP($A68,[1]Schrack!$A:$I,9,FALSE),IFERROR(VLOOKUP($A68,'[1]LD GmbH'!$A:$I,9,FALSE),IFERROR(VLOOKUP($A68,[1]Крисметал!$A:$I,9,FALSE),IFERROR(VLOOKUP($A68,[1]Унител!$A:$I,9,FALSE),"")))))) -> - | K68: =IFERROR(VLOOKUP($A68,[1]Други!$A:$H,7,FALSE),IFERROR(VLOOKUP($A68,[1]ИТТ!$A:$H,7,FALSE),IFERROR(VLOOKUP($A68,[1]Schrack!$A:$H,7,FALSE),IFERROR(VLOOKUP($A68,'[1]LD GmbH'!$A:$H,7,FALSE),IFERROR(VLOOKUP($A68,[1]Крисметал!$A:$H,7,FALSE),IFERROR(VLOOKUP($A68,[1]Унител!$A:$H,7,FALSE),"")))))) -> 1.3888814 | L68: =G68*K68 -> 0 | O68: =SUMIF(Модули!$A:$A,Себестойност!A68,Модули!$B:$B)-G68 -> 0
A69: Профилна тръба ЕЗ 40х40х2 | B69: =IFERROR(VLOOKUP($A69,[1]Други!$A:$H,2,FALSE),IFERROR(VLOOKUP($A69,[1]ИТТ!$A:$H,2,FALSE),IFERROR(VLOOKUP($A69,[1]Schrack!$A:$H,2,FALSE),IFERROR(VLOOKUP($A69,'[1]LD GmbH'!$A:$H,2,FALSE),IFERROR(VLOOKUP($A69,[1]Крисметал!$A:$H,2,FALSE),IFERROR(VLOOKUP($A69,[1]Унител!$A:$H,2,FALSE),"")))))) -> - | C69: =IFERROR(VLOOKUP($A69,[1]Други!$A:$H,3,FALSE),IFERROR(VLOOKUP($A69,[1]ИТТ!$A:$H,3,FALSE),IFERROR(VLOOKUP($A69,[1]Schrack!$A:$H,3,FALSE),IFERROR(VLOOKUP($A69,'[1]LD GmbH'!$A:$H,3,FALSE),IFERROR(VLOOKUP($A69,[1]Крисметал!$A:$H,3,FALSE),IFERROR(VLOOKUP($A69,[1]Унител!$A:$H,3,FALSE),"")))))) -> 1.9513659 | D69: =IFERROR(VLOOKUP($A69,[1]Други!$A:$H,4,FALSE),IFERROR(VLOOKUP($A69,[1]ИТТ!$A:$H,4,FALSE),IFERROR(VLOOKUP($A69,[1]Schrack!$A:$H,4,FALSE),IFERROR(VLOOKUP($A69,'[1]LD GmbH'!$A:$H,4,FALSE),IFERROR(VLOOKUP($A69,[1]Крисметал!$A:$H,4,FALSE),IFERROR(VLOOKUP($A69,[1]Унител!$A:$H,4,FALSE),"")))))) -> м. | E69: =IFERROR(VLOOKUP($A69,[1]Други!$A:$H,5,FALSE),IFERROR(VLOOKUP($A69,[1]ИТТ!$A:$H,5,FALSE),IFERROR(VLOOKUP($A69,[1]Schrack!$A:$H,5,FALSE),IFERROR(VLOOKUP($A69,'[1]LD GmbH'!$A:$H,5,FALSE),IFERROR(VLOOKUP($A69,[1]Крисметал!$A:$H,5,FALSE),IFERROR(VLOOKUP($A69,[1]Унител!$A:$H,5,FALSE),"")))))) -> 0 | F69: =IFERROR(VLOOKUP($A69,[1]Други!$A:$H,6,FALSE),IFERROR(VLOOKUP($A69,[1]ИТТ!$A:$H,6,FALSE),IFERROR(VLOOKUP($A69,[1]Schrack!$A:$H,6,FALSE),IFERROR(VLOOKUP($A69,'[1]LD GmbH'!$A:$H,6,FALSE),IFERROR(VLOOKUP($A69,[1]Крисметал!$A:$H,6,FALSE),IFERROR(VLOOKUP($A69,[1]Унител!$A:$H,6,FALSE),"")))))) -> 1.9513659 | G69: =IFERROR(SUMIF(Модули!$A:$A,Себестойност!A69,Модули!$B:$B),"") -> 0 | H69: =IFERROR(F69*G69,"") -> 0 | I69: =IFERROR(VLOOKUP($A69,[1]Други!$A:$H,8,FALSE),IFERROR(VLOOKUP($A69,[1]ИТТ!$A:$H,8,FALSE),IFERROR(VLOOKUP($A69,[1]Schrack!$A:$H,8,FALSE),IFERROR(VLOOKUP($A69,'[1]LD GmbH'!$A:$H,8,FALSE),IFERROR(VLOOKUP($A69,[1]Крисметал!$A:$H,8,FALSE),IFERROR(VLOOKUP($A69,[1]Унител!$A:$H,8,FALSE),"")))))) -> НИРСТРОЙ | J69: =IFERROR(VLOOKUP($A69,[1]Други!$A:$I,9,FALSE),IFERROR(VLOOKUP($A69,[1]ИТТ!$A:$I,9,FALSE),IFERROR(VLOOKUP($A69,[1]Schrack!$A:$I,9,FALSE),IFERROR(VLOOKUP($A69,'[1]LD GmbH'!$A:$I,9,FALSE),IFERROR(VLOOKUP($A69,[1]Крисметал!$A:$I,9,FALSE),IFERROR(VLOOKUP($A69,[1]Унител!$A:$I,9,FALSE),"")))))) -> - | K69: =IFERROR(VLOOKUP($A69,[1]Други!$A:$H,7,FALSE),IFERROR(VLOOKUP($A69,[1]ИТТ!$A:$H,7,FALSE),IFERROR(VLOOKUP($A69,[1]Schrack!$A:$H,7,FALSE),IFERROR(VLOOKUP($A69,'[1]LD GmbH'!$A:$H,7,FALSE),IFERROR(VLOOKUP($A69,[1]Крисметал!$A:$H,7,FALSE),IFERROR(VLOOKUP($A69,[1]Унител!$A:$H,7,FALSE),"")))))) -> 2.3416391 | L69: =G69*K69 -> 0 | O69: =SUMIF(Модули!$A:$A,Себестойност!A69,Модули!$B:$B)-G69 -> 0
A70: Профилна тръба ЕЗ 50х50х2 | B70: =IFERROR(VLOOKUP($A70,[1]Други!$A:$H,2,FALSE),IFERROR(VLOOKUP($A70,[1]ИТТ!$A:$H,2,FALSE),IFERROR(VLOOKUP($A70,[1]Schrack!$A:$H,2,FALSE),IFERROR(VLOOKUP($A70,'[1]LD GmbH'!$A:$H,2,FALSE),IFERROR(VLOOKUP($A70,[1]Крисметал!$A:$H,2,FALSE),IFERROR(VLOOKUP($A70,[1]Унител!$A:$H,2,FALSE),"")))))) -> - | C70: =IFERROR(VLOOKUP($A70,[1]Други!$A:$H,3,FALSE),IFERROR(VLOOKUP($A70,[1]ИТТ!$A:$H,3,FALSE),IFERROR(VLOOKUP($A70,[1]Schrack!$A:$H,3,FALSE),IFERROR(VLOOKUP($A70,'[1]LD GmbH'!$A:$H,3,FALSE),IFERROR(VLOOKUP($A70,[1]Крисметал!$A:$H,3,FALSE),IFERROR(VLOOKUP($A70,[1]Унител!$A:$H,3,FALSE),"")))))) -> 2.4789885 | D70: =IFERROR(VLOOKUP($A70,[1]Други!$A:$H,4,FALSE),IFERROR(VLOOKUP($A70,[1]ИТТ!$A:$H,4,FALSE),IFERROR(VLOOKUP($A70,[1]Schrack!$A:$H,4,FALSE),IFERROR(VLOOKUP($A70,'[1]LD GmbH'!$A:$H,4,FALSE),IFERROR(VLOOKUP($A70,[1]Крисметал!$A:$H,4,FALSE),IFERROR(VLOOKUP($A70,[1]Унител!$A:$H,4,FALSE),"")))))) -> м. | E70: =IFERROR(VLOOKUP($A70,[1]Други!$A:$H,5,FALSE),IFERROR(VLOOKUP($A70,[1]ИТТ!$A:$H,5,FALSE),IFERROR(VLOOKUP($A70,[1]Schrack!$A:$H,5,FALSE),IFERROR(VLOOKUP($A70,'[1]LD GmbH'!$A:$H,5,FALSE),IFERROR(VLOOKUP($A70,[1]Крисметал!$A:$H,5,FALSE),IFERROR(VLOOKUP($A70,[1]Унител!$A:$H,5,FALSE),"")))))) -> 0 | F70: =IFERROR(VLOOKUP($A70,[1]Други!$A:$H,6,FALSE),IFERROR(VLOOKUP($A70,[1]ИТТ!$A:$H,6,FALSE),IFERROR(VLOOKUP($A70,[1]Schrack!$A:$H,6,FALSE),IFERROR(VLOOKUP($A70,'[1]LD GmbH'!$A:$H,6,FALSE),IFERROR(VLOOKUP($A70,[1]Крисметал!$A:$H,6,FALSE),IFERROR(VLOOKUP($A70,[1]Унител!$A:$H,6,FALSE),"")))))) -> 2.4789885 | G70: =IFERROR(SUMIF(Модули!$A:$A,Себестойност!A70,Модули!$B:$B),"") -> 0 | H70: =IFERROR(F70*G70,"") -> 0 | I70: =IFERROR(VLOOKUP($A70,[1]Други!$A:$H,8,FALSE),IFERROR(VLOOKUP($A70,[1]ИТТ!$A:$H,8,FALSE),IFERROR(VLOOKUP($A70,[1]Schrack!$A:$H,8,FALSE),IFERROR(VLOOKUP($A70,'[1]LD GmbH'!$A:$H,8,FALSE),IFERROR(VLOOKUP($A70,[1]Крисметал!$A:$H,8,FALSE),IFERROR(VLOOKUP($A70,[1]Унител!$A:$H,8,FALSE),"")))))) -> НИРСТРОЙ | J70: =IFERROR(VLOOKUP($A70,[1]Други!$A:$I,9,FALSE),IFERROR(VLOOKUP($A70,[1]ИТТ!$A:$I,9,FALSE),IFERROR(VLOOKUP($A70,[1]Schrack!$A:$I,9,FALSE),IFERROR(VLOOKUP($A70,'[1]LD GmbH'!$A:$I,9,FALSE),IFERROR(VLOOKUP($A70,[1]Крисметал!$A:$I,9,FALSE),IFERROR(VLOOKUP($A70,[1]Унител!$A:$I,9,FALSE),"")))))) -> - | K70: =IFERROR(VLOOKUP($A70,[1]Други!$A:$H,7,FALSE),IFERROR(VLOOKUP($A70,[1]ИТТ!$A:$H,7,FALSE),IFERROR(VLOOKUP($A70,[1]Schrack!$A:$H,7,FALSE),IFERROR(VLOOKUP($A70,'[1]LD GmbH'!$A:$H,7,FALSE),IFERROR(VLOOKUP($A70,[1]Крисметал!$A:$H,7,FALSE),IFERROR(VLOOKUP($A70,[1]Унител!$A:$H,7,FALSE),"")))))) -> 2.9747862 | L70: =G70*K70 -> 0 | O70: =SUMIF(Модули!$A:$A,Себестойност!A70,Модули!$B:$B)-G70 -> 0
A71: Ламарина S235 ГВ 1000х1000х1 | B71: =IFERROR(VLOOKUP($A71,[1]Други!$A:$H,2,FALSE),IFERROR(VLOOKUP($A71,[1]ИТТ!$A:$H,2,FALSE),IFERROR(VLOOKUP($A71,[1]Schrack!$A:$H,2,FALSE),IFERROR(VLOOKUP($A71,'[1]LD GmbH'!$A:$H,2,FALSE),IFERROR(VLOOKUP($A71,[1]Крисметал!$A:$H,2,FALSE),IFERROR(VLOOKUP($A71,[1]Унител!$A:$H,2,FALSE),"")))))) -> - | C71: =IFERROR(VLOOKUP($A71,[1]Други!$A:$H,3,FALSE),IFERROR(VLOOKUP($A71,[1]ИТТ!$A:$H,3,FALSE),IFERROR(VLOOKUP($A71,[1]Schrack!$A:$H,3,FALSE),IFERROR(VLOOKUP($A71,'[1]LD GmbH'!$A:$H,3,FALSE),IFERROR(VLOOKUP($A71,[1]Крисметал!$A:$H,3,FALSE),IFERROR(VLOOKUP($A71,[1]Унител!$A:$H,3,FALSE),"")))))) -> 6.5 | D71: =IFERROR(VLOOKUP($A71,[1]Други!$A:$H,4,FALSE),IFERROR(VLOOKUP($A71,[1]ИТТ!$A:$H,4,FALSE),IFERROR(VLOOKUP($A71,[1]Schrack!$A:$H,4,FALSE),IFERROR(VLOOKUP($A71,'[1]LD GmbH'!$A:$H,4,FALSE),IFERROR(VLOOKUP($A71,[1]Крисметал!$A:$H,4,FALSE),IFERROR(VLOOKUP($A71,[1]Унител!$A:$H,4,FALSE),"")))))) -> бр. | E71: =IFERROR(VLOOKUP($A71,[1]Други!$A:$H,5,FALSE),IFERROR(VLOOKUP($A71,[1]ИТТ!$A:$H,5,FALSE),IFERROR(VLOOKUP($A71,[1]Schrack!$A:$H,5,FALSE),IFERROR(VLOOKUP($A71,'[1]LD GmbH'!$A:$H,5,FALSE),IFERROR(VLOOKUP($A71,[1]Крисметал!$A:$H,5,FALSE),IFERROR(VLOOKUP($A71,[1]Унител!$A:$H,5,FALSE),"")))))) -> 0 | F71: =IFERROR(VLOOKUP($A71,[1]Други!$A:$H,6,FALSE),IFERROR(VLOOKUP($A71,[1]ИТТ!$A:$H,6,FALSE),IFERROR(VLOOKUP($A71,[1]Schrack!$A:$H,6,FALSE),IFERROR(VLOOKUP($A71,'[1]LD GmbH'!$A:$H,6,FALSE),IFERROR(VLOOKUP($A71,[1]Крисметал!$A:$H,6,FALSE),IFERROR(VLOOKUP($A71,[1]Унител!$A:$H,6,FALSE),"")))))) -> 6.5 | G71: =IFERROR(SUMIF(Модули!$A:$A,Себестойност!A71,Модули!$B:$B),"") -> 0 | H71: =IFERROR(F71*G71,"") -> 0 | I71: =IFERROR(VLOOKUP($A71,[1]Други!$A:$H,8,FALSE),IFERROR(VLOOKUP($A71,[1]ИТТ!$A:$H,8,FALSE),IFERROR(VLOOKUP($A71,[1]Schrack!$A:$H,8,FALSE),IFERROR(VLOOKUP($A71,'[1]LD GmbH'!$A:$H,8,FALSE),IFERROR(VLOOKUP($A71,[1]Крисметал!$A:$H,8,FALSE),IFERROR(VLOOKUP($A71,[1]Унител!$A:$H,8,FALSE),"")))))) -> НИРСТРОЙ | J71: =IFERROR(VLOOKUP($A71,[1]Други!$A:$I,9,FALSE),IFERROR(VLOOKUP($A71,[1]ИТТ!$A:$I,9,FALSE),IFERROR(VLOOKUP($A71,[1]Schrack!$A:$I,9,FALSE),IFERROR(VLOOKUP($A71,'[1]LD GmbH'!$A:$I,9,FALSE),IFERROR(VLOOKUP($A71,[1]Крисметал!$A:$I,9,FALSE),IFERROR(VLOOKUP($A71,[1]Унител!$A:$I,9,FALSE),"")))))) -> 0 | K71: =IFERROR(VLOOKUP($A71,[1]Други!$A:$H,7,FALSE),IFERROR(VLOOKUP($A71,[1]ИТТ!$A:$H,7,FALSE),IFERROR(VLOOKUP($A71,[1]Schrack!$A:$H,7,FALSE),IFERROR(VLOOKUP($A71,'[1]LD GmbH'!$A:$H,7,FALSE),IFERROR(VLOOKUP($A71,[1]Крисметал!$A:$H,7,FALSE),IFERROR(VLOOKUP($A71,[1]Унител!$A:$H,7,FALSE),"")))))) -> 7.8 | L71: =G71*K71 -> 0 | O71: =SUMIF(Модули!$A:$A,Себестойност!A71,Модули!$B:$B)-G71 -> 0
A72: Ламарина S235 ГВ 1000х1000х6 | B72: =IFERROR(VLOOKUP($A72,[1]Други!$A:$H,2,FALSE),IFERROR(VLOOKUP($A72,[1]ИТТ!$A:$H,2,FALSE),IFERROR(VLOOKUP($A72,[1]Schrack!$A:$H,2,FALSE),IFERROR(VLOOKUP($A72,'[1]LD GmbH'!$A:$H,2,FALSE),IFERROR(VLOOKUP($A72,[1]Крисметал!$A:$H,2,FALSE),IFERROR(VLOOKUP($A72,[1]Унител!$A:$H,2,FALSE),"")))))) -> - | C72: =IFERROR(VLOOKUP($A72,[1]Други!$A:$H,3,FALSE),IFERROR(VLOOKUP($A72,[1]ИТТ!$A:$H,3,FALSE),IFERROR(VLOOKUP($A72,[1]Schrack!$A:$H,3,FALSE),IFERROR(VLOOKUP($A72,'[1]LD GmbH'!$A:$H,3,FALSE),IFERROR(VLOOKUP($A72,[1]Крисметал!$A:$H,3,FALSE),IFERROR(VLOOKUP($A72,[1]Унител!$A:$H,3,FALSE),"")))))) -> 38.527121 | D72: =IFERROR(VLOOKUP($A72,[1]Други!$A:$H,4,FALSE),IFERROR(VLOOKUP($A72,[1]ИТТ!$A:$H,4,FALSE),IFERROR(VLOOKUP($A72,[1]Schrack!$A:$H,4,FALSE),IFERROR(VLOOKUP($A72,'[1]LD GmbH'!$A:$H,4,FALSE),IFERROR(VLOOKUP($A72,[1]Крисметал!$A:$H,4,FALSE),IFERROR(VLOOKUP($A72,[1]Унител!$A:$H,4,FALSE),"")))))) -> бр. | E72: =IFERROR(VLOOKUP($A72,[1]Други!$A:$H,5,FALSE),IFERROR(VLOOKUP($A72,[1]ИТТ!$A:$H,5,FALSE),IFERROR(VLOOKUP($A72,[1]Schrack!$A:$H,5,FALSE),IFERROR(VLOOKUP($A72,'[1]LD GmbH'!$A:$H,5,FALSE),IFERROR(VLOOKUP($A72,[1]Крисметал!$A:$H,5,FALSE),IFERROR(VLOOKUP($A72,[1]Унител!$A:$H,5,FALSE),"")))))) -> 0 | F72: =IFERROR(VLOOKUP($A72,[1]Други!$A:$H,6,FALSE),IFERROR(VLOOKUP($A72,[1]ИТТ!$A:$H,6,FALSE),IFERROR(VLOOKUP($A72,[1]Schrack!$A:$H,6,FALSE),IFERROR(VLOOKUP($A72,'[1]LD GmbH'!$A:$H,6,FALSE),IFERROR(VLOOKUP($A72,[1]Крисметал!$A:$H,6,FALSE),IFERROR(VLOOKUP($A72,[1]Унител!$A:$H,6,FALSE),"")))))) -> 38.527121 | G72: =IFERROR(SUMIF(Модули!$A:$A,Себестойност!A72,Модули!$B:$B),"") -> 0 | H72: =IFERROR(F72*G72,"") -> 0 | I72: =IFERROR(VLOOKUP($A72,[1]Други!$A:$H,8,FALSE),IFERROR(VLOOKUP($A72,[1]ИТТ!$A:$H,8,FALSE),IFERROR(VLOOKUP($A72,[1]Schrack!$A:$H,8,FALSE),IFERROR(VLOOKUP($A72,'[1]LD GmbH'!$A:$H,8,FALSE),IFERROR(VLOOKUP($A72,[1]Крисметал!$A:$H,8,FALSE),IFERROR(VLOOKUP($A72,[1]Унител!$A:$H,8,FALSE),"")))))) -> НИРСТРОЙ | J72: =IFERROR(VLOOKUP($A72,[1]Други!$A:$I,9,FALSE),IFERROR(VLOOKUP($A72,[1]ИТТ!$A:$I,9,FALSE),IFERROR(VLOOKUP($A72,[1]Schrack!$A:$I,9,FALSE),IFERROR(VLOOKUP($A72,'[1]LD GmbH'!$A:$I,9,FALSE),IFERROR(VLOOKUP($A72,[1]Крисметал!$A:$I,9,FALSE),IFERROR(VLOOKUP($A72,[1]Унител!$A:$I,9,FALSE),"")))))) -> 45458 | K72: =IFERROR(VLOOKUP($A72,[1]Други!$A:$H,7,FALSE),IFERROR(VLOOKUP($A72,[1]ИТТ!$A:$H,7,FALSE),IFERROR(VLOOKUP($A72,[1]Schrack!$A:$H,7,FALSE),IFERROR(VLOOKUP($A72,'[1]LD GmbH'!$A:$H,7,FALSE),IFERROR(VLOOKUP($A72,[1]Крисметал!$A:$H,7,FALSE),IFERROR(VLOOKUP($A72,[1]Унител!$A:$H,7,FALSE),"")))))) -> 46.232546 | L72: =G72*K72 -> 0 | O72: =SUMIF(Модули!$A:$A,Себестойност!A72,Модули!$B:$B)-G72 -> 0
A73: Компенсатор DN40 | B73: =IFERROR(VLOOKUP($A73,[1]Други!$A:$H,2,FALSE),IFERROR(VLOOKUP($A73,[1]ИТТ!$A:$H,2,FALSE),IFERROR(VLOOKUP($A73,[1]Schrack!$A:$H,2,FALSE),IFERROR(VLOOKUP($A73,'[1]LD GmbH'!$A:$H,2,FALSE),IFERROR(VLOOKUP($A73,[1]Крисметал!$A:$H,2,FALSE),IFERROR(VLOOKUP($A73,[1]Унител!$A:$H,2,FALSE),"")))))) -> 2834 08 | C73: =IFERROR(VLOOKUP($A73,[1]Други!$A:$H,3,FALSE),IFERROR(VLOOKUP($A73,[1]ИТТ!$A:$H,3,FALSE),IFERROR(VLOOKUP($A73,[1]Schrack!$A:$H,3,FALSE),IFERROR(VLOOKUP($A73,'[1]LD GmbH'!$A:$H,3,FALSE),IFERROR(VLOOKUP($A73,[1]Крисметал!$A:$H,3,FALSE),IFERROR(VLOOKUP($A73,[1]Унител!$A:$H,3,FALSE),"")))))) -> 70.537828 | D73: =IFERROR(VLOOKUP($A73,[1]Други!$A:$H,4,FALSE),IFERROR(VLOOKUP($A73,[1]ИТТ!$A:$H,4,FALSE),IFERROR(VLOOKUP($A73,[1]Schrack!$A:$H,4,FALSE),IFERROR(VLOOKUP($A73,'[1]LD GmbH'!$A:$H,4,FALSE),IFERROR(VLOOKUP($A73,[1]Крисметал!$A:$H,4,FALSE),IFERROR(VLOOKUP($A73,[1]Унител!$A:$H,4,FALSE),"")))))) -> бр. | E73: =IFERROR(VLOOKUP($A73,[1]Други!$A:$H,5,FALSE),IFERROR(VLOOKUP($A73,[1]ИТТ!$A:$H,5,FALSE),IFERROR(VLOOKUP($A73,[1]Schrack!$A:$H,5,FALSE),IFERROR(VLOOKUP($A73,'[1]LD GmbH'!$A:$H,5,FALSE),IFERROR(VLOOKUP($A73,[1]Крисметал!$A:$H,5,FALSE),IFERROR(VLOOKUP($A73,[1]Унител!$A:$H,5,FALSE),"")))))) -> 0.05 | F73: =IFERROR(VLOOKUP($A73,[1]Други!$A:$H,6,FALSE),IFERROR(VLOOKUP($A73,[1]ИТТ!$A:$H,6,FALSE),IFERROR(VLOOKUP($A73,[1]Schrack!$A:$H,6,FALSE),IFERROR(VLOOKUP($A73,'[1]LD GmbH'!$A:$H,6,FALSE),IFERROR(VLOOKUP($A73,[1]Крисметал!$A:$H,6,FALSE),IFERROR(VLOOKUP($A73,[1]Унител!$A:$H,6,FALSE),"")))))) -> 67.010937 | G73: =IFERROR(SUMIF(Модули!$A:$A,Себестойност!A73,Модули!$B:$B),"") -> 0 | H73: =IFERROR(F73*G73,"") -> 0 | I73: =IFERROR(VLOOKUP($A73,[1]Други!$A:$H,8,FALSE),IFERROR(VLOOKUP($A73,[1]ИТТ!$A:$H,8,FALSE),IFERROR(VLOOKUP($A73,[1]Schrack!$A:$H,8,FALSE),IFERROR(VLOOKUP($A73,'[1]LD GmbH'!$A:$H,8,FALSE),IFERROR(VLOOKUP($A73,[1]Крисметал!$A:$H,8,FALSE),IFERROR(VLOOKUP($A73,[1]Унител!$A:$H,8,FALSE),"")))))) -> Genebre | J73: =IFERROR(VLOOKUP($A73,[1]Други!$A:$I,9,FALSE),IFERROR(VLOOKUP($A73,[1]ИТТ!$A:$I,9,FALSE),IFERROR(VLOOKUP($A73,[1]Schrack!$A:$I,9,FALSE),IFERROR(VLOOKUP($A73,'[1]LD GmbH'!$A:$I,9,FALSE),IFERROR(VLOOKUP($A73,[1]Крисметал!$A:$I,9,FALSE),IFERROR(VLOOKUP($A73,[1]Унител!$A:$I,9,FALSE),"")))))) -> 45643 | K73: =IFERROR(VLOOKUP($A73,[1]Други!$A:$H,7,FALSE),IFERROR(VLOOKUP($A73,[1]ИТТ!$A:$H,7,FALSE),IFERROR(VLOOKUP($A73,[1]Schrack!$A:$H,7,FALSE),IFERROR(VLOOKUP($A73,'[1]LD GmbH'!$A:$H,7,FALSE),IFERROR(VLOOKUP($A73,[1]Крисметал!$A:$H,7,FALSE),IFERROR(VLOOKUP($A73,[1]Унител!$A:$H,7,FALSE),"")))))) -> 67.010937 | L73: =G73*K73 -> 0 | O73: =SUMIF(Модули!$A:$A,Себестойност!A73,Модули!$B:$B)-G73 -> 0
A74: Винт самонарезен, DIN 6928 C, vZn, ф4,8х19 | B74: =IFERROR(VLOOKUP($A74,[1]Други!$A:$H,2,FALSE),IFERROR(VLOOKUP($A74,[1]ИТТ!$A:$H,2,FALSE),IFERROR(VLOOKUP($A74,[1]Schrack!$A:$H,2,FALSE),IFERROR(VLOOKUP($A74,'[1]LD GmbH'!$A:$H,2,FALSE),IFERROR(VLOOKUP($A74,[1]Крисметал!$A:$H,2,FALSE),IFERROR(VLOOKUP($A74,[1]Унител!$A:$H,2,FALSE),"")))))) -> 0692800014819 | C74: =IFERROR(VLOOKUP($A74,[1]Други!$A:$H,3,FALSE),IFERROR(VLOOKUP($A74,[1]ИТТ!$A:$H,3,FALSE),IFERROR(VLOOKUP($A74,[1]Schrack!$A:$H,3,FALSE),IFERROR(VLOOKUP($A74,'[1]LD GmbH'!$A:$H,3,FALSE),IFERROR(VLOOKUP($A74,[1]Крисметал!$A:$H,3,FALSE),IFERROR(VLOOKUP($A74,[1]Унител!$A:$H,3,FALSE),"")))))) -> 4.7396757 | D74: =IFERROR(VLOOKUP($A74,[1]Други!$A:$H,4,FALSE),IFERROR(VLOOKUP($A74,[1]ИТТ!$A:$H,4,FALSE),IFERROR(VLOOKUP($A74,[1]Schrack!$A:$H,4,FALSE),IFERROR(VLOOKUP($A74,'[1]LD GmbH'!$A:$H,4,FALSE),IFERROR(VLOOKUP($A74,[1]Крисметал!$A:$H,4,FALSE),IFERROR(VLOOKUP($A74,[1]Унител!$A:$H,4,FALSE),"")))))) -> 100 бр. | E74: =IFERROR(VLOOKUP($A74,[1]Други!$A:$H,5,FALSE),IFERROR(VLOOKUP($A74,[1]ИТТ!$A:$H,5,FALSE),IFERROR(VLOOKUP($A74,[1]Schrack!$A:$H,5,FALSE),IFERROR(VLOOKUP($A74,'[1]LD GmbH'!$A:$H,5,FALSE),IFERROR(VLOOKUP($A74,[1]Крисметал!$A:$H,5,FALSE),IFERROR(VLOOKUP($A74,[1]Унител!$A:$H,5,FALSE),"")))))) -> 0 | F74: =IFERROR(VLOOKUP($A74,[1]Други!$A:$H,6,FALSE),IFERROR(VLOOKUP($A74,[1]ИТТ!$A:$H,6,FALSE),IFERROR(VLOOKUP($A74,[1]Schrack!$A:$H,6,FALSE),IFERROR(VLOOKUP($A74,'[1]LD GmbH'!$A:$H,6,FALSE),IFERROR(VLOOKUP($A74,[1]Крисметал!$A:$H,6,FALSE),IFERROR(VLOOKUP($A74,[1]Унител!$A:$H,6,FALSE),"")))))) -> 4.7396757 | G74: =IFERROR(SUMIF(Модули!$A:$A,Себестойност!A74,Модули!$B:$B),"") -> 0 | H74: =IFERROR(F74*G74,"") -> 0 | I74: =IFERROR(VLOOKUP($A74,[1]Други!$A:$H,8,FALSE),IFERROR(VLOOKUP($A74,[1]ИТТ!$A:$H,8,FALSE),IFERROR(VLOOKUP($A74,[1]Schrack!$A:$H,8,FALSE),IFERROR(VLOOKUP($A74,'[1]LD GmbH'!$A:$H,8,FALSE),IFERROR(VLOOKUP($A74,[1]Крисметал!$A:$H,8,FALSE),IFERROR(VLOOKUP($A74,[1]Унител!$A:$H,8,FALSE),"")))))) -> ИТТ | J74: =IFERROR(VLOOKUP($A74,[1]Други!$A:$I,9,FALSE),IFERROR(VLOOKUP($A74,[1]ИТТ!$A:$I,9,FALSE),IFERROR(VLOOKUP($A74,[1]Schrack!$A:$I,9,FALSE),IFERROR(VLOOKUP($A74,'[1]LD GmbH'!$A:$I,9,FALSE),IFERROR(VLOOKUP($A74,[1]Крисметал!$A:$I,9,FALSE),IFERROR(VLOOKUP($A74,[1]Унител!$A:$I,9,FALSE),"")))))) -> 45562 | K74: =IFERROR(VLOOKUP($A74,[1]Други!$A:$H,7,FALSE),IFERROR(VLOOKUP($A74,[1]ИТТ!$A:$H,7,FALSE),IFERROR(VLOOKUP($A74,[1]Schrack!$A:$H,7,FALSE),IFERROR(VLOOKUP($A74,'[1]LD GmbH'!$A:$H,7,FALSE),IFERROR(VLOOKUP($A74,[1]Крисметал!$A:$H,7,FALSE),IFERROR(VLOOKUP($A74,[1]Унител!$A:$H,7,FALSE),"")))))) -> 5.6876109 | L74: =G74*K74 -> 0 | O74: =SUMIF(Модули!$A:$A,Себестойност!A74,Модули!$B:$B)-G74 -> 0
... A78: Zaplus axial fan with sickle blades | B78: =IFERROR(VLOOKUP($A78,[1]Други!$A:$H,2,FALSE),IFERROR(VLOOKUP($A78,[1]ИТТ!$A:$H,2,FALSE),IFERROR(VLOOKUP($A78,[1]Schrack!$A:$H,2,FALSE),IFERROR(VLOOKUP($A78,'[1]LD GmbH'!$A:$H,2,FALSE),IFERROR(VLOOKUP($A78,[1]Крисметал!$A:$H,2,FALSE),IFERROR(VLOOKUP($A78,[1]Унител!$A:$H,2,FALSE),"")))))) -> 182429 | C78: =IFERROR(VLOOKUP($A78,[1]Други!$A:$H,3,FALSE),IFERROR(VLOOKUP($A78,[1]ИТТ!$A:$H,3,FALSE),IFERROR(VLOOKUP($A78,[1]Schrack!$A:$H,3,FALSE),IFERROR(VLOOKUP($A78,'[1]LD GmbH'!$A:$H,3,FALSE),IFERROR(VLOOKUP($A78,[1]Крисметал!$A:$H,3,FALSE),IFERROR(VLOOKUP($A78,[1]Унител!$A:$H,3,FALSE),"")))))) -> 1251.4 | D78: =IFERROR(VLOOKUP($A78,[1]Други!$A:$H,4,FALSE),IFERROR(VLOOKUP($A78,[1]ИТТ!$A:$H,4,FALSE),IFERROR(VLOOKUP($A78,[1]Schrack!$A:$H,4,FALSE),IFERROR(VLOOKUP($A78,'[1]LD GmbH'!$A:$H,4,FALSE),IFERROR(VLOOKUP($A78,[1]Крисметал!$A:$H,4,FALSE),IFERROR(VLOOKUP($A78,[1]Унител!$A:$H,4,FALSE),"")))))) -> бр. | E78: =IFERROR(VLOOKUP($A78,[1]Други!$A:$H,5,FALSE),IFERROR(VLOOKUP($A78,[1]ИТТ!$A:$H,5,FALSE),IFERROR(VLOOKUP($A78,[1]Schrack!$A:$H,5,FALSE),IFERROR(VLOOKUP($A78,'[1]LD GmbH'!$A:$H,5,FALSE),IFERROR(VLOOKUP($A78,[1]Крисметал!$A:$H,5,FALSE),IFERROR(VLOOKUP($A78,[1]Унител!$A:$H,5,FALSE),"")))))) -> 0 | F78: =IFERROR(VLOOKUP($A78,[1]Други!$A:$H,6,FALSE),IFERROR(VLOOKUP($A78,[1]ИТТ!$A:$H,6,FALSE),IFERROR(VLOOKUP($A78,[1]Schrack!$A:$H,6,FALSE),IFERROR(VLOOKUP($A78,'[1]LD GmbH'!$A:$H,6,FALSE),IFERROR(VLOOKUP($A78,[1]Крисметал!$A:$H,6,FALSE),IFERROR(VLOOKUP($A78,[1]Унител!$A:$H,6,FALSE),"")))))) -> 1251.4 | G78: =IFERROR(SUMIF(Модули!$A:$A,Себестойност!A78,Модули!$B:$B),"") -> 0 | H78: =IFERROR(F78*G78,"") -> 0 | I78: =IFERROR(VLOOKUP($A78,[1]Други!$A:$H,8,FALSE),IFERROR(VLOOKUP($A78,[1]ИТТ!$A:$H,8,FALSE),IFERROR(VLOOKUP($A78,[1]Schrack!$A:$H,8,FALSE),IFERROR(VLOOKUP($A78,'[1]LD GmbH'!$A:$H,8,FALSE),IFERROR(VLOOKUP($A78,[1]Крисметал!$A:$H,8,FALSE),IFERROR(VLOOKUP($A78,[1]Унител!$A:$H,8,FALSE),"")))))) -> ZIEHL-ABEGG | J78: =IFERROR(VLOOKUP($A78,[1]Други!$A:$I,9,FALSE),IFERROR(VLOOKUP($A78,[1]ИТТ!$A:$I,9,FALSE),IFERROR(VLOOKUP($A78,[1]Schrack!$A:$I,9,FALSE),IFERROR(VLOOKUP($A78,'[1]LD GmbH'!$A:$I,9,FALSE),IFERROR(VLOOKUP($A78,[1]Крисметал!$A:$I,9,FALSE),IFERROR(VLOOKUP($A78,[1]Унител!$A:$I,9,FALSE),"")))))) -> 46035 | K78: =IFERROR(VLOOKUP($A78,[1]Други!$A:$H,7,FALSE),IFERROR(VLOOKUP($A78,[1]ИТТ!$A:$H,7,FALSE),IFERROR(VLOOKUP($A78,[1]Schrack!$A:$H,7,FALSE),IFERROR(VLOOKUP($A78,'[1]LD GmbH'!$A:$H,7,FALSE),IFERROR(VLOOKUP($A78,[1]Крисметал!$A:$H,7,FALSE),IFERROR(VLOOKUP($A78,[1]Унител!$A:$H,7,FALSE),"")))))) -> 1251.4 | L78: =G78*K78 -> 0 | O78: =SUMIF(Модули!$A:$A,Себестойност!A78,Модули!$B:$B)-G78 -> 0
A79: Тръбни връзки | I79: =SUM(H80:H116) -> 4616.992 | M79: =SUM(L80:L116) -> 5540.3904
A80: ТРЪБИ
A81: Тръба шевна 304L (21.3x2) 1/2" | B81: =IFERROR(VLOOKUP($A81,[1]Други!$A:$H,2,FALSE),IFERROR(VLOOKUP($A81,[1]ИТТ!$A:$H,2,FALSE),IFERROR(VLOOKUP($A81,[1]Schrack!$A:$H,2,FALSE),IFERROR(VLOOKUP($A81,'[1]LD GmbH'!$A:$H,2,FALSE),IFERROR(VLOOKUP($A81,[1]Крисметал!$A:$H,2,FALSE),IFERROR(VLOOKUP($A81,[1]Унител!$A:$H,2,FALSE),"")))))) -> 070709 | C81: =IFERROR(VLOOKUP($A81,[1]Други!$A:$H,3,FALSE),IFERROR(VLOOKUP($A81,[1]ИТТ!$A:$H,3,FALSE),IFERROR(VLOOKUP($A81,[1]Schrack!$A:$H,3,FALSE),IFERROR(VLOOKUP($A81,'[1]LD GmbH'!$A:$H,3,FALSE),IFERROR(VLOOKUP($A81,[1]Крисметал!$A:$H,3,FALSE),IFERROR(VLOOKUP($A81,[1]Унител!$A:$H,3,FALSE),"")))))) -> 5.7213562 | D81: =IFERROR(VLOOKUP($A81,[1]Други!$A:$H,4,FALSE),IFERROR(VLOOKUP($A81,[1]ИТТ!$A:$H,4,FALSE),IFERROR(VLOOKUP($A81,[1]Schrack!$A:$H,4,FALSE),IFERROR(VLOOKUP($A81,'[1]LD GmbH'!$A:$H,4,FALSE),IFERROR(VLOOKUP($A81,[1]Крисметал!$A:$H,4,FALSE),IFERROR(VLOOKUP($A81,[1]Унител!$A:$H,4,FALSE),"")))))) -> м. | E81: =IFERROR(VLOOKUP($A81,[1]Други!$A:$H,5,FALSE),IFERROR(VLOOKUP($A81,[1]ИТТ!$A:$H,5,FALSE),IFERROR(VLOOKUP($A81,[1]Schrack!$A:$H,5,FALSE),IFERROR(VLOOKUP($A81,'[1]LD GmbH'!$A:$H,5,FALSE),IFERROR(VLOOKUP($A81,[1]Крисметал!$A:$H,5,FALSE),IFERROR(VLOOKUP($A81,[1]Унител!$A:$H,5,FALSE),"")))))) -> 0 | F81: =IFERROR(VLOOKUP($A81,[1]Други!$A:$H,6,FALSE),IFERROR(VLOOKUP($A81,[1]ИТТ!$A:$H,6,FALSE),IFERROR(VLOOKUP($A81,[1]Schrack!$A:$H,6,FALSE),IFERROR(VLOOKUP($A81,'[1]LD GmbH'!$A:$H,6,FALSE),IFERROR(VLOOKUP($A81,[1]Крисметал!$A:$H,6,FALSE),IFERROR(VLOOKUP($A81,[1]Унител!$A:$H,6,FALSE),"")))))) -> 5.7213562 | G81: =IFERROR(SUMIF(Модули!$A:$A,Себестойност!A81,Модули!$B:$B),"") -> 1.01 | H81: =IFERROR(F81*G81,"") -> 5.7785697 | I81: =IFERROR(VLOOKUP($A81,[1]Други!$A:$H,8,FALSE),IFERROR(VLOOKUP($A81,[1]ИТТ!$A:$H,8,FALSE),IFERROR(VLOOKUP($A81,[1]Schrack!$A:$H,8,FALSE),IFERROR(VLOOKUP($A81,'[1]LD GmbH'!$A:$H,8,FALSE),IFERROR(VLOOKUP($A81,[1]Крисметал!$A:$H,8,FALSE),IFERROR(VLOOKUP($A81,[1]Унител!$A:$H,8,FALSE),"")))))) -> Крисметал | J81: =IFERROR(VLOOKUP($A81,[1]Други!$A:$I,9,FALSE),IFERROR(VLOOKUP($A81,[1]ИТТ!$A:$I,9,FALSE),IFERROR(VLOOKUP($A81,[1]Schrack!$A:$I,9,FALSE),IFERROR(VLOOKUP($A81,'[1]LD GmbH'!$A:$I,9,FALSE),IFERROR(VLOOKUP($A81,[1]Крисметал!$A:$I,9,FALSE),IFERROR(VLOOKUP($A81,[1]Унител!$A:$I,9,FALSE),"")))))) -> 45673 | K81: =IFERROR(VLOOKUP($A81,[1]Други!$A:$H,7,FALSE),IFERROR(VLOOKUP($A81,[1]ИТТ!$A:$H,7,FALSE),IFERROR(VLOOKUP($A81,[1]Schrack!$A:$H,7,FALSE),IFERROR(VLOOKUP($A81,'[1]LD GmbH'!$A:$H,7,FALSE),IFERROR(VLOOKUP($A81,[1]Крисметал!$A:$H,7,FALSE),IFERROR(VLOOKUP($A81,[1]Унител!$A:$H,7,FALSE),"")))))) -> 6.8656274 | L81: =G81*K81 -> 6.9342837 | O81: =SUMIF(Модули!$A:$A,Себестойност!A81,Модули!$B:$B)-G81 -> 0
A82: Тръба безшевна 316L 6x1.0 | B82: =IFERROR(VLOOKUP($A82,[1]Други!$A:$H,2,FALSE),IFERROR(VLOOKUP($A82,[1]ИТТ!$A:$H,2,FALSE),IFERROR(VLOOKUP($A82,[1]Schrack!$A:$H,2,FALSE),IFERROR(VLOOKUP($A82,'[1]LD GmbH'!$A:$H,2,FALSE),IFERROR(VLOOKUP($A82,[1]Крисметал!$A:$H,2,FALSE),IFERROR(VLOOKUP($A82,[1]Унител!$A:$H,2,FALSE),"")))))) -> 098050 | C82: =IFERROR(VLOOKUP($A82,[1]Други!$A:$H,3,FALSE),IFERROR(VLOOKUP($A82,[1]ИТТ!$A:$H,3,FALSE),IFERROR(VLOOKUP($A82,[1]Schrack!$A:$H,3,FALSE),IFERROR(VLOOKUP($A82,'[1]LD GmbH'!$A:$H,3,FALSE),IFERROR(VLOOKUP($A82,[1]Крисметал!$A:$H,3,FALSE),IFERROR(VLOOKUP($A82,[1]Унител!$A:$H,3,FALSE),"")))))) -> 5.0515638 | D82: =IFERROR(VLOOKUP($A82,[1]Други!$A:$H,4,FALSE),IFERROR(VLOOKUP($A82,[1]ИТТ!$A:$H,4,FALSE),IFERROR(VLOOKUP($A82,[1]Schrack!$A:$H,4,FALSE),IFERROR(VLOOKUP($A82,'[1]LD GmbH'!$A:$H,4,FALSE),IFERROR(VLOOKUP($A82,[1]Крисметал!$A:$H,4,FALSE),IFERROR(VLOOKUP($A82,[1]Унител!$A:$H,4,FALSE),"")))))) -> м. | E82: =IFERROR(VLOOKUP($A82,[1]Други!$A:$H,5,FALSE),IFERROR(VLOOKUP($A82,[1]ИТТ!$A:$H,5,FALSE),IFERROR(VLOOKUP($A82,[1]Schrack!$A:$H,5,FALSE),IFERROR(VLOOKUP($A82,'[1]LD GmbH'!$A:$H,5,FALSE),IFERROR(VLOOKUP($A82,[1]Крисметал!$A:$H,5,FALSE),IFERROR(VLOOKUP($A82,[1]Унител!$A:$H,5,FALSE),"")))))) -> 0 | F82: =IFERROR(VLOOKUP($A82,[1]Други!$A:$H,6,FALSE),IFERROR(VLOOKUP($A82,[1]ИТТ!$A:$H,6,FALSE),IFERROR(VLOOKUP($A82,[1]Schrack!$A:$H,6,FALSE),IFERROR(VLOOKUP($A82,'[1]LD GmbH'!$A:$H,6,FALSE),IFERROR(VLOOKUP($A82,[1]Крисметал!$A:$H,6,FALSE),IFERROR(VLOOKUP($A82,[1]Унител!$A:$H,6,FALSE),"")))))) -> 5.0515638 | G82: =IFERROR(SUMIF(Модули!$A:$A,Себестойност!A82,Модули!$B:$B),"") -> 14 | H82: =IFERROR(F82*G82,"") -> 70.721893 | I82: =IFERROR(VLOOKUP($A82,[1]Други!$A:$H,8,FALSE),IFERROR(VLOOKUP($A82,[1]ИТТ!$A:$H,8,FALSE),IFERROR(VLOOKUP($A82,[1]Schrack!$A:$H,8,FALSE),IFERROR(VLOOKUP($A82,'[1]LD GmbH'!$A:$H,8,FALSE),IFERROR(VLOOKUP($A82,[1]Крисметал!$A:$H,8,FALSE),IFERROR(VLOOKUP($A82,[1]Унител!$A:$H,8,FALSE),"")))))) -> Крисметал | J82: =IFERROR(VLOOKUP($A82,[1]Други!$A:$I,9,FALSE),IFERROR(VLOOKUP($A82,[1]ИТТ!$A:$I,9,FALSE),IFERROR(VLOOKUP($A82,[1]Schrack!$A:$I,9,FALSE),IFERROR(VLOOKUP($A82,'[1]LD GmbH'!$A:$I,9,FALSE),IFERROR(VLOOKUP($A82,[1]Крисметал!$A:$I,9,FALSE),IFERROR(VLOOKUP($A82,[1]Унител!$A:$I,9,FALSE),"")))))) -> 45639 | K82: =IFERROR(VLOOKUP($A82,[1]Други!$A:$H,7,FALSE),IFERROR(VLOOKUP($A82,[1]ИТТ!$A:$H,7,FALSE),IFERROR(VLOOKUP($A82,[1]Schrack!$A:$H,7,FALSE),IFERROR(VLOOKUP($A82,'[1]LD GmbH'!$A:$H,7,FALSE),IFERROR(VLOOKUP($A82,[1]Крисметал!$A:$H,7,FALSE),IFERROR(VLOOKUP($A82,[1]Унител!$A:$H,7,FALSE),"")))))) -> 6.0618765 | L82: =G82*K82 -> 84.866272 | O82: =SUMIF(Модули!$A:$A,Себестойност!A82,Модули!$B:$B)-G82 -> 0
A83: Тръба шевна 304L (33.7x2.0) 1" | B83: =IFERROR(VLOOKUP($A83,[1]Други!$A:$H,2,FALSE),IFERROR(VLOOKUP($A83,[1]ИТТ!$A:$H,2,FALSE),IFERROR(VLOOKUP($A83,[1]Schrack!$A:$H,2,FALSE),IFERROR(VLOOKUP($A83,'[1]LD GmbH'!$A:$H,2,FALSE),IFERROR(VLOOKUP($A83,[1]Крисметал!$A:$H,2,FALSE),IFERROR(VLOOKUP($A83,[1]Унител!$A:$H,2,FALSE),"")))))) -> 071323 | C83: =IFERROR(VLOOKUP($A83,[1]Други!$A:$H,3,FALSE),IFERROR(VLOOKUP($A83,[1]ИТТ!$A:$H,3,FALSE),IFERROR(VLOOKUP($A83,[1]Schrack!$A:$H,3,FALSE),IFERROR(VLOOKUP($A83,'[1]LD GmbH'!$A:$H,3,FALSE),IFERROR(VLOOKUP($A83,[1]Крисметал!$A:$H,3,FALSE),IFERROR(VLOOKUP($A83,[1]Унител!$A:$H,3,FALSE),"")))))) -> 6.71 | D83: =IFERROR(VLOOKUP($A83,[1]Други!$A:$H,4,FALSE),IFERROR(VLOOKUP($A83,[1]ИТТ!$A:$H,4,FALSE),IFERROR(VLOOKUP($A83,[1]Schrack!$A:$H,4,FALSE),IFERROR(VLOOKUP($A83,'[1]LD GmbH'!$A:$H,4,FALSE),IFERROR(VLOOKUP($A83,[1]Крисметал!$A:$H,4,FALSE),IFERROR(VLOOKUP($A83,[1]Унител!$A:$H,4,FALSE),"")))))) -> м. | E83: =IFERROR(VLOOKUP($A83,[1]Други!$A:$H,5,FALSE),IFERROR(VLOOKUP($A83,[1]ИТТ!$A:$H,5,FALSE),IFERROR(VLOOKUP($A83,[1]Schrack!$A:$H,5,FALSE),IFERROR(VLOOKUP($A83,'[1]LD GmbH'!$A:$H,5,FALSE),IFERROR(VLOOKUP($A83,[1]Крисметал!$A:$H,5,FALSE),IFERROR(VLOOKUP($A83,[1]Унител!$A:$H,5,FALSE),"")))))) -> 0 | F83: =IFERROR(VLOOKUP($A83,[1]Други!$A:$H,6,FALSE),IFERROR(VLOOKUP($A83,[1]ИТТ!$A:$H,6,FALSE),IFERROR(VLOOKUP($A83,[1]Schrack!$A:$H,6,FALSE),IFERROR(VLOOKUP($A83,'[1]LD GmbH'!$A:$H,6,FALSE),IFERROR(VLOOKUP($A83,[1]Крисметал!$A:$H,6,FALSE),IFERROR(VLOOKUP($A83,[1]Унител!$A:$H,6,FALSE),"")))))) -> 6.71 | G83: =IFERROR(SUMIF(Модули!$A:$A,Себестойност!A83,Модули!$B:$B),"") -> 64 | H83: =IFERROR(F83*G83,"") -> 429.44 | I83: =IFERROR(VLOOKUP($A83,[1]Други!$A:$H,8,FALSE),IFERROR(VLOOKUP($A83,[1]ИТТ!$A:$H,8,FALSE),IFERROR(VLOOKUP($A83,[1]Schrack!$A:$H,8,FALSE),IFERROR(VLOOKUP($A83,'[1]LD GmbH'!$A:$H,8,FALSE),IFERROR(VLOOKUP($A83,[1]Крисметал!$A:$H,8,FALSE),IFERROR(VLOOKUP($A83,[1]Унител!$A:$H,8,FALSE),"")))))) -> Крисметал | J83: =IFERROR(VLOOKUP($A83,[1]Други!$A:$I,9,FALSE),IFERROR(VLOOKUP($A83,[1]ИТТ!$A:$I,9,FALSE),IFERROR(VLOOKUP($A83,[1]Schrack!$A:$I,9,FALSE),IFERROR(VLOOKUP($A83,'[1]LD GmbH'!$A:$I,9,FALSE),IFERROR(VLOOKUP($A83,[1]Крисметал!$A:$I,9,FALSE),IFERROR(VLOOKUP($A83,[1]Унител!$A:$I,9,FALSE),"")))))) -> 45867 | K83: =IFERROR(VLOOKUP($A83,[1]Други!$A:$H,7,FALSE),IFERROR(VLOOKUP($A83,[1]ИТТ!$A:$H,7,FALSE),IFERROR(VLOOKUP($A83,[1]Schrack!$A:$H,7,FALSE),IFERROR(VLOOKUP($A83,'[1]LD GmbH'!$A:$H,7,FALSE),IFERROR(VLOOKUP($A83,[1]Крисметал!$A:$H,7,FALSE),IFERROR(VLOOKUP($A83,[1]Унител!$A:$H,7,FALSE),"")))))) -> 8.052 | L83: =G83*K83 -> 515.328 | O83: =SUMIF(Модули!$A:$A,Себестойност!A83,Модули!$B:$B)-G83 -> 0
A84: Тръба шевна 304L (48,3х2) 1 1/2" | B84: =IFERROR(VLOOKUP($A84,[1]Други!$A:$H,2,FALSE),IFERROR(VLOOKUP($A84,[1]ИТТ!$A:$H,2,FALSE),IFERROR(VLOOKUP($A84,[1]Schrack!$A:$H,2,FALSE),IFERROR(VLOOKUP($A84,'[1]LD GmbH'!$A:$H,2,FALSE),IFERROR(VLOOKUP($A84,[1]Крисметал!$A:$H,2,FALSE),IFERROR(VLOOKUP($A84,[1]Унител!$A:$H,2,FALSE),"")))))) -> 071711 | C84: =IFERROR(VLOOKUP($A84,[1]Други!$A:$H,3,FALSE),IFERROR(VLOOKUP($A84,[1]ИТТ!$A:$H,3,FALSE),IFERROR(VLOOKUP($A84,[1]Schrack!$A:$H,3,FALSE),IFERROR(VLOOKUP($A84,'[1]LD GmbH'!$A:$H,3,FALSE),IFERROR(VLOOKUP($A84,[1]Крисметал!$A:$H,3,FALSE),IFERROR(VLOOKUP($A84,[1]Унител!$A:$H,3,FALSE),"")))))) -> 14.909271 | D84: =IFERROR(VLOOKUP($A84,[1]Други!$A:$H,4,FALSE),IFERROR(VLOOKUP($A84,[1]ИТТ!$A:$H,4,FALSE),IFERROR(VLOOKUP($A84,[1]Schrack!$A:$H,4,FALSE),IFERROR(VLOOKUP($A84,'[1]LD GmbH'!$A:$H,4,FALSE),IFERROR(VLOOKUP($A84,[1]Крисметал!$A:$H,4,FALSE),IFERROR(VLOOKUP($A84,[1]Унител!$A:$H,4,FALSE),"")))))) -> м. | E84: =IFERROR(VLOOKUP($A84,[1]Други!$A:$H,5,FALSE),IFERROR(VLOOKUP($A84,[1]ИТТ!$A:$H,5,FALSE),IFERROR(VLOOKUP($A84,[1]Schrack!$A:$H,5,FALSE),IFERROR(VLOOKUP($A84,'[1]LD GmbH'!$A:$H,5,FALSE),IFERROR(VLOOKUP($A84,[1]Крисметал!$A:$H,5,FALSE),IFERROR(VLOOKUP($A84,[1]Унител!$A:$H,5,FALSE),"")))))) -> 0 | F84: =IFERROR(VLOOKUP($A84,[1]Други!$A:$H,6,FALSE),IFERROR(VLOOKUP($A84,[1]ИТТ!$A:$H,6,FALSE),IFERROR(VLOOKUP($A84,[1]Schrack!$A:$H,6,FALSE),IFERROR(VLOOKUP($A84,'[1]LD GmbH'!$A:$H,6,FALSE),IFERROR(VLOOKUP($A84,[1]Крисметал!$A:$H,6,FALSE),IFERROR(VLOOKUP($A84,[1]Унител!$A:$H,6,FALSE),"")))))) -> 14.909271 | G84: =IFERROR(SUMIF(Модули!$A:$A,Себестойност!A84,Модули!$B:$B),"") -> 61.4 | H84: =IFERROR(F84*G84,"") -> 915.42926 | I84: =IFERROR(VLOOKUP($A84,[1]Други!$A:$H,8,FALSE),IFERROR(VLOOKUP($A84,[1]ИТТ!$A:$H,8,FALSE),IFERROR(VLOOKUP($A84,[1]Schrack!$A:$H,8,FALSE),IFERROR(VLOOKUP($A84,'[1]LD GmbH'!$A:$H,8,FALSE),IFERROR(VLOOKUP($A84,[1]Крисметал!$A:$H,8,FALSE),IFERROR(VLOOKUP($A84,[1]Унител!$A:$H,8,FALSE),"")))))) -> Крисметал | J84: =IFERROR(VLOOKUP($A84,[1]Други!$A:$I,9,FALSE),IFERROR(VLOOKUP($A84,[1]ИТТ!$A:$I,9,FALSE),IFERROR(VLOOKUP($A84,[1]Schrack!$A:$I,9,FALSE),IFERROR(VLOOKUP($A84,'[1]LD GmbH'!$A:$I,9,FALSE),IFERROR(VLOOKUP($A84,[1]Крисметал!$A:$I,9,FALSE),IFERROR(VLOOKUP($A84,[1]Унител!$A:$I,9,FALSE),"")))))) -> 45609 | K84: =IFERROR(VLOOKUP($A84,[1]Други!$A:$H,7,FALSE),IFERROR(VLOOKUP($A84,[1]ИТТ!$A:$H,7,FALSE),IFERROR(VLOOKUP($A84,[1]Schrack!$A:$H,7,FALSE),IFERROR(VLOOKUP($A84,'[1]LD GmbH'!$A:$H,7,FALSE),IFERROR(VLOOKUP($A84,[1]Крисметал!$A:$H,7,FALSE),IFERROR(VLOOKUP($A84,[1]Унител!$A:$H,7,FALSE),"")))))) -> 17.891126 | L84: =G84*K84 -> 1098.5151 | O84: =SUMIF(Модули!$A:$A,Себестойност!A84,Модули!$B:$B)-G84 -> 0
A85: Тръба шевна 304L (60,3х2) 2" | B85: =IFERROR(VLOOKUP($A85,[1]Други!$A:$H,2,FALSE),IFERROR(VLOOKUP($A85,[1]ИТТ!$A:$H,2,FALSE),IFERROR(VLOOKUP($A85,[1]Schrack!$A:$H,2,FALSE),IFERROR(VLOOKUP($A85,'[1]LD GmbH'!$A:$H,2,FALSE),IFERROR(VLOOKUP($A85,[1]Крисметал!$A:$H,2,FALSE),IFERROR(VLOOKUP($A85,[1]Унител!$A:$H,2,FALSE),"")))))) -> 072110 | C85: =IFERROR(VLOOKUP($A85,[1]Други!$A:$H,3,FALSE),IFERROR(VLOOKUP($A85,[1]ИТТ!$A:$H,3,FALSE),IFERROR(VLOOKUP($A85,[1]Schrack!$A:$H,3,FALSE),IFERROR(VLOOKUP($A85,'[1]LD GmbH'!$A:$H,3,FALSE),IFERROR(VLOOKUP($A85,[1]Крисметал!$A:$H,3,FALSE),IFERROR(VLOOKUP($A85,[1]Унител!$A:$H,3,FALSE),"")))))) -> 12.061375 | D85: =IFERROR(VLOOKUP($A85,[1]Други!$A:$H,4,FALSE),IFERROR(VLOOKUP($A85,[1]ИТТ!$A:$H,4,FALSE),IFERROR(VLOOKUP($A85,[1]Schrack!$A:$H,4,FALSE),IFERROR(VLOOKUP($A85,'[1]LD GmbH'!$A:$H,4,FALSE),IFERROR(VLOOKUP($A85,[1]Крисметал!$A:$H,4,FALSE),IFERROR(VLOOKUP($A85,[1]Унител!$A:$H,4,FALSE),"")))))) -> м. | E85: =IFERROR(VLOOKUP($A85,[1]Други!$A:$H,5,FALSE),IFERROR(VLOOKUP($A85,[1]ИТТ!$A:$H,5,FALSE),IFERROR(VLOOKUP($A85,[1]Schrack!$A:$H,5,FALSE),IFERROR(VLOOKUP($A85,'[1]LD GmbH'!$A:$H,5,FALSE),IFERROR(VLOOKUP($A85,[1]Крисметал!$A:$H,5,FALSE),IFERROR(VLOOKUP($A85,[1]Унител!$A:$H,5,FALSE),"")))))) -> 0 | F85: =IFERROR(VLOOKUP($A85,[1]Други!$A:$H,6,FALSE),IFERROR(VLOOKUP($A85,[1]ИТТ!$A:$H,6,FALSE),IFERROR(VLOOKUP($A85,[1]Schrack!$A:$H,6,FALSE),IFERROR(VLOOKUP($A85,'[1]LD GmbH'!$A:$H,6,FALSE),IFERROR(VLOOKUP($A85,[1]Крисметал!$A:$H,6,FALSE),IFERROR(VLOOKUP($A85,[1]Унител!$A:$H,6,FALSE),"")))))) -> 12.061375 | G85: =IFERROR(SUMIF(Модули!$A:$A,Себестойност!A85,Модули!$B:$B),"") -> 1.6 | H85: =IFERROR(F85*G85,"") -> 19.298201 | I85: =IFERROR(VLOOKUP($A85,[1]Други!$A:$H,8,FALSE),IFERROR(VLOOKUP($A85,[1]ИТТ!$A:$H,8,FALSE),IFERROR(VLOOKUP($A85,[1]Schrack!$A:$H,8,FALSE),IFERROR(VLOOKUP($A85,'[1]LD GmbH'!$A:$H,8,FALSE),IFERROR(VLOOKUP($A85,[1]Крисметал!$A:$H,8,FALSE),IFERROR(VLOOKUP($A85,[1]Унител!$A:$H,8,FALSE),"")))))) -> Крисметал | J85: =IFERROR(VLOOKUP($A85,[1]Други!$A:$I,9,FALSE),IFERROR(VLOOKUP($A85,[1]ИТТ!$A:$I,9,FALSE),IFERROR(VLOOKUP($A85,[1]Schrack!$A:$I,9,FALSE),IFERROR(VLOOKUP($A85,'[1]LD GmbH'!$A:$I,9,FALSE),IFERROR(VLOOKUP($A85,[1]Крисметал!$A:$I,9,FALSE),IFERROR(VLOOKUP($A85,[1]Унител!$A:$I,9,FALSE),"")))))) -> 45673 | K85: =IFERROR(VLOOKUP($A85,[1]Други!$A:$H,7,FALSE),IFERROR(VLOOKUP($A85,[1]ИТТ!$A:$H,7,FALSE),IFERROR(VLOOKUP($A85,[1]Schrack!$A:$H,7,FALSE),IFERROR(VLOOKUP($A85,'[1]LD GmbH'!$A:$H,7,FALSE),IFERROR(VLOOKUP($A85,[1]Крисметал!$A:$H,7,FALSE),IFERROR(VLOOKUP($A85,[1]Унител!$A:$H,7,FALSE),"")))))) -> 14.473651 | L85: =G85*K85 -> 23.157841 | O85: =SUMIF(Модули!$A:$A,Себестойност!A85,Модули!$B:$B)-G85 -> 0
A86: ФИТИНГИ ЗА ЗАВАРЯВАНЕ
A87: Коляно 90o 304L заварка (33,7х2) 1" | B87: =IFERROR(VLOOKUP($A87,[1]Други!$A:$H,2,FALSE),IFERROR(VLOOKUP($A87,[1]ИТТ!$A:$H,2,FALSE),IFERROR(VLOOKUP($A87,[1]Schrack!$A:$H,2,FALSE),IFERROR(VLOOKUP($A87,'[1]LD GmbH'!$A:$H,2,FALSE),IFERROR(VLOOKUP($A87,[1]Крисметал!$A:$H,2,FALSE),IFERROR(VLOOKUP($A87,[1]Унител!$A:$H,2,FALSE),"")))))) -> 106306 | C87: =IFERROR(VLOOKUP($A87,[1]Други!$A:$H,3,FALSE),IFERROR(VLOOKUP($A87,[1]ИТТ!$A:$H,3,FALSE),IFERROR(VLOOKUP($A87,[1]Schrack!$A:$H,3,FALSE),IFERROR(VLOOKUP($A87,'[1]LD GmbH'!$A:$H,3,FALSE),IFERROR(VLOOKUP($A87,[1]Крисметал!$A:$H,3,FALSE),IFERROR(VLOOKUP($A87,[1]Унител!$A:$H,3,FALSE),"")))))) -> 2.4951044 | D87: =IFERROR(VLOOKUP($A87,[1]Други!$A:$H,4,FALSE),IFERROR(VLOOKUP($A87,[1]ИТТ!$A:$H,4,FALSE),IFERROR(VLOOKUP($A87,[1]Schrack!$A:$H,4,FALSE),IFERROR(VLOOKUP($A87,'[1]LD GmbH'!$A:$H,4,FALSE),IFERROR(VLOOKUP($A87,[1]Крисметал!$A:$H,4,FALSE),IFERROR(VLOOKUP($A87,[1]Унител!$A:$H,4,FALSE),"")))))) -> бр. | E87: =IFERROR(VLOOKUP($A87,[1]Други!$A:$H,5,FALSE),IFERROR(VLOOKUP($A87,[1]ИТТ!$A:$H,5,FALSE),IFERROR(VLOOKUP($A87,[1]Schrack!$A:$H,5,FALSE),IFERROR(VLOOKUP($A87,'[1]LD GmbH'!$A:$H,5,FALSE),IFERROR(VLOOKUP($A87,[1]Крисметал!$A:$H,5,FALSE),IFERROR(VLOOKUP($A87,[1]Унител!$A:$H,5,FALSE),"")))))) -> 0 | F87: =IFERROR(VLOOKUP($A87,[1]Други!$A:$H,6,FALSE),IFERROR(VLOOKUP($A87,[1]ИТТ!$A:$H,6,FALSE),IFERROR(VLOOKUP($A87,[1]Schrack!$A:$H,6,FALSE),IFERROR(VLOOKUP($A87,'[1]LD GmbH'!$A:$H,6,FALSE),IFERROR(VLOOKUP($A87,[1]Крисметал!$A:$H,6,FALSE),IFERROR(VLOOKUP($A87,[1]Унител!$A:$H,6,FALSE),"")))))) -> 2.4951044 | G87: =IFERROR(SUMIF(Модули!$A:$A,Себестойност!A87,Модули!$B:$B),"") -> 111 | H87: =IFERROR(F87*G87,"") -> 276.95659 | I87: =IFERROR(VLOOKUP($A87,[1]Други!$A:$H,8,FALSE),IFERROR(VLOOKUP($A87,[1]ИТТ!$A:$H,8,FALSE),IFERROR(VLOOKUP($A87,[1]Schrack!$A:$H,8,FALSE),IFERROR(VLOOKUP($A87,'[1]LD GmbH'!$A:$H,8,FALSE),IFERROR(VLOOKUP($A87,[1]Крисметал!$A:$H,8,FALSE),IFERROR(VLOOKUP($A87,[1]Унител!$A:$H,8,FALSE),"")))))) -> Крисметал | J87: =IFERROR(VLOOKUP($A87,[1]Други!$A:$I,9,FALSE),IFERROR(VLOOKUP($A87,[1]ИТТ!$A:$I,9,FALSE),IFERROR(VLOOKUP($A87,[1]Schrack!$A:$I,9,FALSE),IFERROR(VLOOKUP($A87,'[1]LD GmbH'!$A:$I,9,FALSE),IFERROR(VLOOKUP($A87,[1]Крисметал!$A:$I,9,FALSE),IFERROR(VLOOKUP($A87,[1]Унител!$A:$I,9,FALSE),"")))))) -> 45727 | K87: =IFERROR(VLOOKUP($A87,[1]Други!$A:$H,7,FALSE),IFERROR(VLOOKUP($A87,[1]ИТТ!$A:$H,7,FALSE),IFERROR(VLOOKUP($A87,[1]Schrack!$A:$H,7,FALSE),IFERROR(VLOOKUP($A87,'[1]LD GmbH'!$A:$H,7,FALSE),IFERROR(VLOOKUP($A87,[1]Крисметал!$A:$H,7,FALSE),IFERROR(VLOOKUP($A87,[1]Унител!$A:$H,7,FALSE),"")))))) -> 2.9941253 | L87: =G87*K87 -> 332.3479 | O87: =SUMIF(Модули!$A:$A,Себестойност!A87,Модули!$B:$B)-G87 -> 0
A88: Коляно 90o 304L заварка (48,3х2) 1 1/2" | B88: =IFERROR(VLOOKUP($A88,[1]Други!$A:$H,2,FALSE),IFERROR(VLOOKUP($A88,[1]ИТТ!$A:$H,2,FALSE),IFERROR(VLOOKUP($A88,[1]Schrack!$A:$H,2,FALSE),IFERROR(VLOOKUP($A88,'[1]LD GmbH'!$A:$H,2,FALSE),IFERROR(VLOOKUP($A88,[1]Крисметал!$A:$H,2,FALSE),IFERROR(VLOOKUP($A88,[1]Унител!$A:$H,2,FALSE),"")))))) -> 106308 | C88: =IFERROR(VLOOKUP($A88,[1]Други!$A:$H,3,FALSE),IFERROR(VLOOKUP($A88,[1]ИТТ!$A:$H,3,FALSE),IFERROR(VLOOKUP($A88,[1]Schrack!$A:$H,3,FALSE),IFERROR(VLOOKUP($A88,'[1]LD GmbH'!$A:$H,3,FALSE),IFERROR(VLOOKUP($A88,[1]Крисметал!$A:$H,3,FALSE),IFERROR(VLOOKUP($A88,[1]Унител!$A:$H,3,FALSE),"")))))) -> 3.7988987 | D88: =IFERROR(VLOOKUP($A88,[1]Други!$A:$H,4,FALSE),IFERROR(VLOOKUP($A88,[1]ИТТ!$A:$H,4,FALSE),IFERROR(VLOOKUP($A88,[1]Schrack!$A:$H,4,FALSE),IFERROR(VLOOKUP($A88,'[1]LD GmbH'!$A:$H,4,FALSE),IFERROR(VLOOKUP($A88,[1]Крисметал!$A:$H,4,FALSE),IFERROR(VLOOKUP($A88,[1]Унител!$A:$H,4,FALSE),"")))))) -> бр. | E88: =IFERROR(VLOOKUP($A88,[1]Други!$A:$H,5,FALSE),IFERROR(VLOOKUP($A88,[1]ИТТ!$A:$H,5,FALSE),IFERROR(VLOOKUP($A88,[1]Schrack!$A:$H,5,FALSE),IFERROR(VLOOKUP($A88,'[1]LD GmbH'!$A:$H,5,FALSE),IFERROR(VLOOKUP($A88,[1]Крисметал!$A:$H,5,FALSE),IFERROR(VLOOKUP($A88,[1]Унител!$A:$H,5,FALSE),"")))))) -> 0 | F88: =IFERROR(VLOOKUP($A88,[1]Други!$A:$H,6,FALSE),IFERROR(VLOOKUP($A88,[1]ИТТ!$A:$H,6,FALSE),IFERROR(VLOOKUP($A88,[1]Schrack!$A:$H,6,FALSE),IFERROR(VLOOKUP($A88,'[1]LD GmbH'!$A:$H,6,FALSE),IFERROR(VLOOKUP($A88,[1]Крисметал!$A:$H,6,FALSE),IFERROR(VLOOKUP($A88,[1]Унител!$A:$H,6,FALSE),"")))))) -> 3.7988987 | G88: =IFERROR(SUMIF(Модули!$A:$A,Себестойност!A88,Модули!$B:$B),"") -> 89 | H88: =IFERROR(F88*G88,"") -> 338.10198 | I88: =IFERROR(VLOOKUP($A88,[1]Други!$A:$H,8,FALSE),IFERROR(VLOOKUP($A88,[1]ИТТ!$A:$H,8,FALSE),IFERROR(VLOOKUP($A88,[1]Schrack!$A:$H,8,FALSE),IFERROR(VLOOKUP($A88,'[1]LD GmbH'!$A:$H,8,FALSE),IFERROR(VLOOKUP($A88,[1]Крисметал!$A:$H,8,FALSE),IFERROR(VLOOKUP($A88,[1]Унител!$A:$H,8,FALSE),"")))))) -> Крисметал | J88: =IFERROR(VLOOKUP($A88,[1]Други!$A:$I,9,FALSE),IFERROR(VLOOKUP($A88,[1]ИТТ!$A:$I,9,FALSE),IFERROR(VLOOKUP($A88,[1]Schrack!$A:$I,9,FALSE),IFERROR(VLOOKUP($A88,'[1]LD GmbH'!$A:$I,9,FALSE),IFERROR(VLOOKUP($A88,[1]Крисметал!$A:$I,9,FALSE),IFERROR(VLOOKUP($A88,[1]Унител!$A:$I,9,FALSE),"")))))) -> 45727 | K88: =IFERROR(VLOOKUP($A88,[1]Други!$A:$H,7,FALSE),IFERROR(VLOOKUP($A88,[1]ИТТ!$A:$H,7,FALSE),IFERROR(VLOOKUP($A88,[1]Schrack!$A:$H,7,FALSE),IFERROR(VLOOKUP($A88,'[1]LD GmbH'!$A:$H,7,FALSE),IFERROR(VLOOKUP($A88,[1]Крисметал!$A:$H,7,FALSE),IFERROR(VLOOKUP($A88,[1]Унител!$A:$H,7,FALSE),"")))))) -> 4.5586784 | L88: =G88*K88 -> 405.72238 | O88: =SUMIF(Модули!$A:$A,Себестойност!A88,Модули!$B:$B)-G88 -> 0
A89: Концентричен намалител 316L SCH10 (33,7х21,3х2) 1"-1/2" | B89: =IFERROR(VLOOKUP($A89,[1]Други!$A:$H,2,FALSE),IFERROR(VLOOKUP($A89,[1]ИТТ!$A:$H,2,FALSE),IFERROR(VLOOKUP($A89,[1]Schrack!$A:$H,2,FALSE),IFERROR(VLOOKUP($A89,'[1]LD GmbH'!$A:$H,2,FALSE),IFERROR(VLOOKUP($A89,[1]Крисметал!$A:$H,2,FALSE),IFERROR(VLOOKUP($A89,[1]Унител!$A:$H,2,FALSE),"")))))) -> 102702 | C89: =IFERROR(VLOOKUP($A89,[1]Други!$A:$H,3,FALSE),IFERROR(VLOOKUP($A89,[1]ИТТ!$A:$H,3,FALSE),IFERROR(VLOOKUP($A89,[1]Schrack!$A:$H,3,FALSE),IFERROR(VLOOKUP($A89,'[1]LD GmbH'!$A:$H,3,FALSE),IFERROR(VLOOKUP($A89,[1]Крисметал!$A:$H,3,FALSE),IFERROR(VLOOKUP($A89,[1]Унител!$A:$H,3,FALSE),"")))))) -> 4.17 | D89: =IFERROR(VLOOKUP($A89,[1]Други!$A:$H,4,FALSE),IFERROR(VLOOKUP($A89,[1]ИТТ!$A:$H,4,FALSE),IFERROR(VLOOKUP($A89,[1]Schrack!$A:$H,4,FALSE),IFERROR(VLOOKUP($A89,'[1]LD GmbH'!$A:$H,4,FALSE),IFERROR(VLOOKUP($A89,[1]Крисметал!$A:$H,4,FALSE),IFERROR(VLOOKUP($A89,[1]Унител!$A:$H,4,FALSE),"")))))) -> бр. | E89: =IFERROR(VLOOKUP($A89,[1]Други!$A:$H,5,FALSE),IFERROR(VLOOKUP($A89,[1]ИТТ!$A:$H,5,FALSE),IFERROR(VLOOKUP($A89,[1]Schrack!$A:$H,5,FALSE),IFERROR(VLOOKUP($A89,'[1]LD GmbH'!$A:$H,5,FALSE),IFERROR(VLOOKUP($A89,[1]Крисметал!$A:$H,5,FALSE),IFERROR(VLOOKUP($A89,[1]Унител!$A:$H,5,FALSE),"")))))) -> 0 | F89: =IFERROR(VLOOKUP($A89,[1]Други!$A:$H,6,FALSE),IFERROR(VLOOKUP($A89,[1]ИТТ!$A:$H,6,FALSE),IFERROR(VLOOKUP($A89,[1]Schrack!$A:$H,6,FALSE),IFERROR(VLOOKUP($A89,'[1]LD GmbH'!$A:$H,6,FALSE),IFERROR(VLOOKUP($A89,[1]Крисметал!$A:$H,6,FALSE),IFERROR(VLOOKUP($A89,[1]Унител!$A:$H,6,FALSE),"")))))) -> 4.17 | G89: =IFERROR(SUMIF(Модули!$A:$A,Себестойност!A89,Модули!$B:$B),"") -> 2 | H89: =IFERROR(F89*G89,"") -> 8.34 | I89: =IFERROR(VLOOKUP($A89,[1]Други!$A:$H,8,FALSE),IFERROR(VLOOKUP($A89,[1]ИТТ!$A:$H,8,FALSE),IFERROR(VLOOKUP($A89,[1]Schrack!$A:$H,8,FALSE),IFERROR(VLOOKUP($A89,'[1]LD GmbH'!$A:$H,8,FALSE),IFERROR(VLOOKUP($A89,[1]Крисметал!$A:$H,8,FALSE),IFERROR(VLOOKUP($A89,[1]Унител!$A:$H,8,FALSE),"")))))) -> Крисметал | J89: =IFERROR(VLOOKUP($A89,[1]Други!$A:$I,9,FALSE),IFERROR(VLOOKUP($A89,[1]ИТТ!$A:$I,9,FALSE),IFERROR(VLOOKUP($A89,[1]Schrack!$A:$I,9,FALSE),IFERROR(VLOOKUP($A89,'[1]LD GmbH'!$A:$I,9,FALSE),IFERROR(VLOOKUP($A89,[1]Крисметал!$A:$I,9,FALSE),IFERROR(VLOOKUP($A89,[1]Унител!$A:$I,9,FALSE),"")))))) -> 46056 | K89: =IFERROR(VLOOKUP($A89,[1]Други!$A:$H,7,FALSE),IFERROR(VLOOKUP($A89,[1]ИТТ!$A:$H,7,FALSE),IFERROR(VLOOKUP($A89,[1]Schrack!$A:$H,7,FALSE),IFERROR(VLOOKUP($A89,'[1]LD GmbH'!$A:$H,7,FALSE),IFERROR(VLOOKUP($A89,[1]Крисметал!$A:$H,7,FALSE),IFERROR(VLOOKUP($A89,[1]Унител!$A:$H,7,FALSE),"")))))) -> 5.004 | L89: =G89*K89 -> 10.008 | O89: =SUMIF(Модули!$A:$A,Себестойност!A89,Модули!$B:$B)-G89 -> 0
A90: Концентричен намалител 316L SCH10 (48,3х33,7х2) 1 1/2"-1" | B90: =IFERROR(VLOOKUP($A90,[1]Други!$A:$H,2,FALSE),IFERROR(VLOOKUP($A90,[1]ИТТ!$A:$H,2,FALSE),IFERROR(VLOOKUP($A90,[1]Schrack!$A:$H,2,FALSE),IFERROR(VLOOKUP($A90,'[1]LD GmbH'!$A:$H,2,FALSE),IFERROR(VLOOKUP($A90,[1]Крисметал!$A:$H,2,FALSE),IFERROR(VLOOKUP($A90,[1]Унител!$A:$H,2,FALSE),"")))))) -> 102709 | C90: =IFERROR(VLOOKUP($A90,[1]Други!$A:$H,3,FALSE),IFERROR(VLOOKUP($A90,[1]ИТТ!$A:$H,3,FALSE),IFERROR(VLOOKUP($A90,[1]Schrack!$A:$H,3,FALSE),IFERROR(VLOOKUP($A90,'[1]LD GmbH'!$A:$H,3,FALSE),IFERROR(VLOOKUP($A90,[1]Крисметал!$A:$H,3,FALSE),IFERROR(VLOOKUP($A90,[1]Унител!$A:$H,3,FALSE),"")))))) -> 6.17 | D90: =IFERROR(VLOOKUP($A90,[1]Други!$A:$H,4,FALSE),IFERROR(VLOOKUP($A90,[1]ИТТ!$A:$H,4,FALSE),IFERROR(VLOOKUP($A90,[1]Schrack!$A:$H,4,FALSE),IFERROR(VLOOKUP($A90,'[1]LD GmbH'!$A:$H,4,FALSE),IFERROR(VLOOKUP($A90,[1]Крисметал!$A:$H,4,FALSE),IFERROR(VLOOKUP($A90,[1]Унител!$A:$H,4,FALSE),"")))))) -> бр. | E90: =IFERROR(VLOOKUP($A90,[1]Други!$A:$H,5,FALSE),IFERROR(VLOOKUP($A90,[1]ИТТ!$A:$H,5,FALSE),IFERROR(VLOOKUP($A90,[1]Schrack!$A:$H,5,FALSE),IFERROR(VLOOKUP($A90,'[1]LD GmbH'!$A:$H,5,FALSE),IFERROR(VLOOKUP($A90,[1]Крисметал!$A:$H,5,FALSE),IFERROR(VLOOKUP($A90,[1]Унител!$A:$H,5,FALSE),"")))))) -> 0 | F90: =IFERROR(VLOOKUP($A90,[1]Други!$A:$H,6,FALSE),IFERROR(VLOOKUP($A90,[1]ИТТ!$A:$H,6,FALSE),IFERROR(VLOOKUP($A90,[1]Schrack!$A:$H,6,FALSE),IFERROR(VLOOKUP($A90,'[1]LD GmbH'!$A:$H,6,FALSE),IFERROR(VLOOKUP($A90,[1]Крисметал!$A:$H,6,FALSE),IFERROR(VLOOKUP($A90,[1]Унител!$A:$H,6,FALSE),"")))))) -> 6.17 | G90: =IFERROR(SUMIF(Модули!$A:$A,Себестойност!A90,Модули!$B:$B),"") -> 2 | H90: =IFERROR(F90*G90,"") -> 12.34 | I90: =IFERROR(VLOOKUP($A90,[1]Други!$A:$H,8,FALSE),IFERROR(VLOOKUP($A90,[1]ИТТ!$A:$H,8,FALSE),IFERROR(VLOOKUP($A90,[1]Schrack!$A:$H,8,FALSE),IFERROR(VLOOKUP($A90,'[1]LD GmbH'!$A:$H,8,FALSE),IFERROR(VLOOKUP($A90,[1]Крисметал!$A:$H,8,FALSE),IFERROR(VLOOKUP($A90,[1]Унител!$A:$H,8,FALSE),"")))))) -> Крисметал | J90: =IFERROR(VLOOKUP($A90,[1]Други!$A:$I,9,FALSE),IFERROR(VLOOKUP($A90,[1]ИТТ!$A:$I,9,FALSE),IFERROR(VLOOKUP($A90,[1]Schrack!$A:$I,9,FALSE),IFERROR(VLOOKUP($A90,'[1]LD GmbH'!$A:$I,9,FALSE),IFERROR(VLOOKUP($A90,[1]Крисметал!$A:$I,9,FALSE),IFERROR(VLOOKUP($A90,[1]Унител!$A:$I,9,FALSE),"")))))) -> 46056 | K90: =IFERROR(VLOOKUP($A90,[1]Други!$A:$H,7,FALSE),IFERROR(VLOOKUP($A90,[1]ИТТ!$A:$H,7,FALSE),IFERROR(VLOOKUP($A90,[1]Schrack!$A:$H,7,FALSE),IFERROR(VLOOKUP($A90,'[1]LD GmbH'!$A:$H,7,FALSE),IFERROR(VLOOKUP($A90,[1]Крисметал!$A:$H,7,FALSE),IFERROR(VLOOKUP($A90,[1]Унител!$A:$H,7,FALSE),"")))))) -> 7.404 | L90: =G90*K90 -> 14.808 | O90: =SUMIF(Модули!$A:$A,Себестойност!A90,Модули!$B:$B)-G90 -> 0
A91: Концентричен намалител (60,3х33,7х2) 2"-1" | B91: =IFERROR(VLOOKUP($A91,[1]Други!$A:$H,2,FALSE),IFERROR(VLOOKUP($A91,[1]ИТТ!$A:$H,2,FALSE),IFERROR(VLOOKUP($A91,[1]Schrack!$A:$H,2,FALSE),IFERROR(VLOOKUP($A91,'[1]LD GmbH'!$A:$H,2,FALSE),IFERROR(VLOOKUP($A91,[1]Крисметал!$A:$H,2,FALSE),IFERROR(VLOOKUP($A91,[1]Унител!$A:$H,2,FALSE),"")))))) -> - | C91: =IFERROR(VLOOKUP($A91,[1]Други!$A:$H,3,FALSE),IFERROR(VLOOKUP($A91,[1]ИТТ!$A:$H,3,FALSE),IFERROR(VLOOKUP($A91,[1]Schrack!$A:$H,3,FALSE),IFERROR(VLOOKUP($A91,'[1]LD GmbH'!$A:$H,3,FALSE),IFERROR(VLOOKUP($A91,[1]Крисметал!$A:$H,3,FALSE),IFERROR(VLOOKUP($A91,[1]Унител!$A:$H,3,FALSE),"")))))) -> 4.28 | D91: =IFERROR(VLOOKUP($A91,[1]Други!$A:$H,4,FALSE),IFERROR(VLOOKUP($A91,[1]ИТТ!$A:$H,4,FALSE),IFERROR(VLOOKUP($A91,[1]Schrack!$A:$H,4,FALSE),IFERROR(VLOOKUP($A91,'[1]LD GmbH'!$A:$H,4,FALSE),IFERROR(VLOOKUP($A91,[1]Крисметал!$A:$H,4,FALSE),IFERROR(VLOOKUP($A91,[1]Унител!$A:$H,4,FALSE),"")))))) -> бр. | E91: =IFERROR(VLOOKUP($A91,[1]Други!$A:$H,5,FALSE),IFERROR(VLOOKUP($A91,[1]ИТТ!$A:$H,5,FALSE),IFERROR(VLOOKUP($A91,[1]Schrack!$A:$H,5,FALSE),IFERROR(VLOOKUP($A91,'[1]LD GmbH'!$A:$H,5,FALSE),IFERROR(VLOOKUP($A91,[1]Крисметал!$A:$H,5,FALSE),IFERROR(VLOOKUP($A91,[1]Унител!$A:$H,5,FALSE),"")))))) -> 0 | F91: =IFERROR(VLOOKUP($A91,[1]Други!$A:$H,6,FALSE),IFERROR(VLOOKUP($A91,[1]ИТТ!$A:$H,6,FALSE),IFERROR(VLOOKUP($A91,[1]Schrack!$A:$H,6,FALSE),IFERROR(VLOOKUP($A91,'[1]LD GmbH'!$A:$H,6,FALSE),IFERROR(VLOOKUP($A91,[1]Крисметал!$A:$H,6,FALSE),IFERROR(VLOOKUP($A91,[1]Унител!$A:$H,6,FALSE),"")))))) -> 4.28 | G91: =IFERROR(SUMIF(Модули!$A:$A,Себестойност!A91,Модули!$B:$B),"") -> 2 | H91: =IFERROR(F91*G91,"") -> 8.56 | I91: =IFERROR(VLOOKUP($A91,[1]Други!$A:$H,8,FALSE),IFERROR(VLOOKUP($A91,[1]ИТТ!$A:$H,8,FALSE),IFERROR(VLOOKUP($A91,[1]Schrack!$A:$H,8,FALSE),IFERROR(VLOOKUP($A91,'[1]LD GmbH'!$A:$H,8,FALSE),IFERROR(VLOOKUP($A91,[1]Крисметал!$A:$H,8,FALSE),IFERROR(VLOOKUP($A91,[1]Унител!$A:$H,8,FALSE),"")))))) -> Крисметал | J91: =IFERROR(VLOOKUP($A91,[1]Други!$A:$I,9,FALSE),IFERROR(VLOOKUP($A91,[1]ИТТ!$A:$I,9,FALSE),IFERROR(VLOOKUP($A91,[1]Schrack!$A:$I,9,FALSE),IFERROR(VLOOKUP($A91,'[1]LD GmbH'!$A:$I,9,FALSE),IFERROR(VLOOKUP($A91,[1]Крисметал!$A:$I,9,FALSE),IFERROR(VLOOKUP($A91,[1]Унител!$A:$I,9,FALSE),"")))))) -> - | K91: =IFERROR(VLOOKUP($A91,[1]Други!$A:$H,7,FALSE),IFERROR(VLOOKUP($A91,[1]ИТТ!$A:$H,7,FALSE),IFERROR(VLOOKUP($A91,[1]Schrack!$A:$H,7,FALSE),IFERROR(VLOOKUP($A91,'[1]LD GmbH'!$A:$H,7,FALSE),IFERROR(VLOOKUP($A91,[1]Крисметал!$A:$H,7,FALSE),IFERROR(VLOOKUP($A91,[1]Унител!$A:$H,7,FALSE),"")))))) -> 5.136 | L91: =G91*K91 -> 10.272 | O91: =SUMIF(Модули!$A:$A,Себестойност!A91,Модули!$B:$B)-G91 -> 0
A92: Полунипел 316L 150LBS 1" | B92: =IFERROR(VLOOKUP($A92,[1]Други!$A:$H,2,FALSE),IFERROR(VLOOKUP($A92,[1]ИТТ!$A:$H,2,FALSE),IFERROR(VLOOKUP($A92,[1]Schrack!$A:$H,2,FALSE),IFERROR(VLOOKUP($A92,'[1]LD GmbH'!$A:$H,2,FALSE),IFERROR(VLOOKUP($A92,[1]Крисметал!$A:$H,2,FALSE),IFERROR(VLOOKUP($A92,[1]Унител!$A:$H,2,FALSE),"")))))) -> 108606 | C92: =IFERROR(VLOOKUP($A92,[1]Други!$A:$H,3,FALSE),IFERROR(VLOOKUP($A92,[1]ИТТ!$A:$H,3,FALSE),IFERROR(VLOOKUP($A92,[1]Schrack!$A:$H,3,FALSE),IFERROR(VLOOKUP($A92,'[1]LD GmbH'!$A:$H,3,FALSE),IFERROR(VLOOKUP($A92,[1]Крисметал!$A:$H,3,FALSE),IFERROR(VLOOKUP($A92,[1]Унител!$A:$H,3,FALSE),"")))))) -> 1.2884555 | D92: =IFERROR(VLOOKUP($A92,[1]Други!$A:$H,4,FALSE),IFERROR(VLOOKUP($A92,[1]ИТТ!$A:$H,4,FALSE),IFERROR(VLOOKUP($A92,[1]Schrack!$A:$H,4,FALSE),IFERROR(VLOOKUP($A92,'[1]LD GmbH'!$A:$H,4,FALSE),IFERROR(VLOOKUP($A92,[1]Крисметал!$A:$H,4,FALSE),IFERROR(VLOOKUP($A92,[1]Унител!$A:$H,4,FALSE),"")))))) -> бр. | E92: =IFERROR(VLOOKUP($A92,[1]Други!$A:$H,5,FALSE),IFERROR(VLOOKUP($A92,[1]ИТТ!$A:$H,5,FALSE),IFERROR(VLOOKUP($A92,[1]Schrack!$A:$H,5,FALSE),IFERROR(VLOOKUP($A92,'[1]LD GmbH'!$A:$H,5,FALSE),IFERROR(VLOOKUP($A92,[1]Крисметал!$A:$H,5,FALSE),IFERROR(VLOOKUP($A92,[1]Унител!$A:$H,5,FALSE),"")))))) -> 0 | F92: =IFERROR(VLOOKUP($A92,[1]Други!$A:$H,6,FALSE),IFERROR(VLOOKUP($A92,[1]ИТТ!$A:$H,6,FALSE),IFERROR(VLOOKUP($A92,[1]Schrack!$A:$H,6,FALSE),IFERROR(VLOOKUP($A92,'[1]LD GmbH'!$A:$H,6,FALSE),IFERROR(VLOOKUP($A92,[1]Крисметал!$A:$H,6,FALSE),IFERROR(VLOOKUP($A92,[1]Унител!$A:$H,6,FALSE),"")))))) -> 1.2884555 | G92: =IFERROR(SUMIF(Модули!$A:$A,Себестойност!A92,Модули!$B:$B),"") -> 2 | H92: =IFERROR(F92*G92,"") -> 2.5769111 | I92: =IFERROR(VLOOKUP($A92,[1]Други!$A:$H,8,FALSE),IFERROR(VLOOKUP($A92,[1]ИТТ!$A:$H,8,FALSE),IFERROR(VLOOKUP($A92,[1]Schrack!$A:$H,8,FALSE),IFERROR(VLOOKUP($A92,'[1]LD GmbH'!$A:$H,8,FALSE),IFERROR(VLOOKUP($A92,[1]Крисметал!$A:$H,8,FALSE),IFERROR(VLOOKUP($A92,[1]Унител!$A:$H,8,FALSE),"")))))) -> Крисметал | J92: =IFERROR(VLOOKUP($A92,[1]Други!$A:$I,9,FALSE),IFERROR(VLOOKUP($A92,[1]ИТТ!$A:$I,9,FALSE),IFERROR(VLOOKUP($A92,[1]Schrack!$A:$I,9,FALSE),IFERROR(VLOOKUP($A92,'[1]LD GmbH'!$A:$I,9,FALSE),IFERROR(VLOOKUP($A92,[1]Крисметал!$A:$I,9,FALSE),IFERROR(VLOOKUP($A92,[1]Унител!$A:$I,9,FALSE),"")))))) -> 45511 | K92: =IFERROR(VLOOKUP($A92,[1]Други!$A:$H,7,FALSE),IFERROR(VLOOKUP($A92,[1]ИТТ!$A:$H,7,FALSE),IFERROR(VLOOKUP($A92,[1]Schrack!$A:$H,7,FALSE),IFERROR(VLOOKUP($A92,'[1]LD GmbH'!$A:$H,7,FALSE),IFERROR(VLOOKUP($A92,[1]Крисметал!$A:$H,7,FALSE),IFERROR(VLOOKUP($A92,[1]Унител!$A:$H,7,FALSE),"")))))) -> 1.5461466 | L92: =G92*K92 -> 3.0922933 | O92: =SUMIF(Модули!$A:$A,Себестойност!A92,Модули!$B:$B)-G92 -> 0
A93: Преход 304L 1 1/2" x 1/2" | B93: =IFERROR(VLOOKUP($A93,[1]Други!$A:$H,2,FALSE),IFERROR(VLOOKUP($A93,[1]ИТТ!$A:$H,2,FALSE),IFERROR(VLOOKUP($A93,[1]Schrack!$A:$H,2,FALSE),IFERROR(VLOOKUP($A93,'[1]LD GmbH'!$A:$H,2,FALSE),IFERROR(VLOOKUP($A93,[1]Крисметал!$A:$H,2,FALSE),IFERROR(VLOOKUP($A93,[1]Унител!$A:$H,2,FALSE),"")))))) -> - | C93: =IFERROR(VLOOKUP($A93,[1]Други!$A:$H,3,FALSE),IFERROR(VLOOKUP($A93,[1]ИТТ!$A:$H,3,FALSE),IFERROR(VLOOKUP($A93,[1]Schrack!$A:$H,3,FALSE),IFERROR(VLOOKUP($A93,'[1]LD GmbH'!$A:$H,3,FALSE),IFERROR(VLOOKUP($A93,[1]Крисметал!$A:$H,3,FALSE),IFERROR(VLOOKUP($A93,[1]Унител!$A:$H,3,FALSE),"")))))) -> 2.5 | D93: =IFERROR(VLOOKUP($A93,[1]Други!$A:$H,4,FALSE),IFERROR(VLOOKUP($A93,[1]ИТТ!$A:$H,4,FALSE),IFERROR(VLOOKUP($A93,[1]Schrack!$A:$H,4,FALSE),IFERROR(VLOOKUP($A93,'[1]LD GmbH'!$A:$H,4,FALSE),IFERROR(VLOOKUP($A93,[1]Крисметал!$A:$H,4,FALSE),IFERROR(VLOOKUP($A93,[1]Унител!$A:$H,4,FALSE),"")))))) -> бр. | E93: =IFERROR(VLOOKUP($A93,[1]Други!$A:$H,5,FALSE),IFERROR(VLOOKUP($A93,[1]ИТТ!$A:$H,5,FALSE),IFERROR(VLOOKUP($A93,[1]Schrack!$A:$H,5,FALSE),IFERROR(VLOOKUP($A93,'[1]LD GmbH'!$A:$H,5,FALSE),IFERROR(VLOOKUP($A93,[1]Крисметал!$A:$H,5,FALSE),IFERROR(VLOOKUP($A93,[1]Унител!$A:$H,5,FALSE),"")))))) -> 0 | F93: =IFERROR(VLOOKUP($A93,[1]Други!$A:$H,6,FALSE),IFERROR(VLOOKUP($A93,[1]ИТТ!$A:$H,6,FALSE),IFERROR(VLOOKUP($A93,[1]Schrack!$A:$H,6,FALSE),IFERROR(VLOOKUP($A93,'[1]LD GmbH'!$A:$H,6,FALSE),IFERROR(VLOOKUP($A93,[1]Крисметал!$A:$H,6,FALSE),IFERROR(VLOOKUP($A93,[1]Унител!$A:$H,6,FALSE),"")))))) -> 2.5 | G93: =IFERROR(SUMIF(Модули!$A:$A,Себестойност!A93,Модули!$B:$B),"") -> 4 | H93: =IFERROR(F93*G93,"") -> 10 | I93: =IFERROR(VLOOKUP($A93,[1]Други!$A:$H,8,FALSE),IFERROR(VLOOKUP($A93,[1]ИТТ!$A:$H,8,FALSE),IFERROR(VLOOKUP($A93,[1]Schrack!$A:$H,8,FALSE),IFERROR(VLOOKUP($A93,'[1]LD GmbH'!$A:$H,8,FALSE),IFERROR(VLOOKUP($A93,[1]Крисметал!$A:$H,8,FALSE),IFERROR(VLOOKUP($A93,[1]Унител!$A:$H,8,FALSE),"")))))) -> Крисметал | J93: =IFERROR(VLOOKUP($A93,[1]Други!$A:$I,9,FALSE),IFERROR(VLOOKUP($A93,[1]ИТТ!$A:$I,9,FALSE),IFERROR(VLOOKUP($A93,[1]Schrack!$A:$I,9,FALSE),IFERROR(VLOOKUP($A93,'[1]LD GmbH'!$A:$I,9,FALSE),IFERROR(VLOOKUP($A93,[1]Крисметал!$A:$I,9,FALSE),IFERROR(VLOOKUP($A93,[1]Унител!$A:$I,9,FALSE),"")))))) -> - | K93: =IFERROR(VLOOKUP($A93,[1]Други!$A:$H,7,FALSE),IFERROR(VLOOKUP($A93,[1]ИТТ!$A:$H,7,FALSE),IFERROR(VLOOKUP($A93,[1]Schrack!$A:$H,7,FALSE),IFERROR(VLOOKUP($A93,'[1]LD GmbH'!$A:$H,7,FALSE),IFERROR(VLOOKUP($A93,[1]Крисметал!$A:$H,7,FALSE),IFERROR(VLOOKUP($A93,[1]Унител!$A:$H,7,FALSE),"")))))) -> 3 | L93: =G93*K93 -> 12 | O93: =SUMIF(Модули!$A:$A,Себестойност!A93,Модули!$B:$B)-G93 -> 0
